/*
SQLyog Ultimate v10.42 
MySQL - 5.5.5-10.2.30-MariaDB : Database - u5538790_greebel
*********************************************************************
*/

/*!40101 SET NAMES utf8 */;

/*!40101 SET SQL_MODE=''*/;

/*!40014 SET @OLD_UNIQUE_CHECKS=@@UNIQUE_CHECKS, UNIQUE_CHECKS=0 */;
/*!40014 SET @OLD_FOREIGN_KEY_CHECKS=@@FOREIGN_KEY_CHECKS, FOREIGN_KEY_CHECKS=0 */;
/*!40101 SET @OLD_SQL_MODE=@@SQL_MODE, SQL_MODE='NO_AUTO_VALUE_ON_ZERO' */;
/*!40111 SET @OLD_SQL_NOTES=@@SQL_NOTES, SQL_NOTES=0 */;
CREATE DATABASE /*!32312 IF NOT EXISTS*/`u5538790_greebel` /*!40100 DEFAULT CHARACTER SET latin1 */;

USE `u5538790_greebel`;

/*Table structure for table `trpo` */

DROP TABLE IF EXISTS `trpo`;

CREATE TABLE `trpo` (
  `fin_po_id` bigint(11) NOT NULL AUTO_INCREMENT,
  `fbl_is_import` tinyint(1) DEFAULT 1,
  `fdt_po_datetime` datetime DEFAULT NULL,
  `fst_po_no` varchar(100) DEFAULT NULL,
  `fin_supplier_id` int(11) DEFAULT NULL,
  `fin_term` int(5) DEFAULT NULL,
  `fin_warehouse_id` int(11) DEFAULT NULL,
  `fst_do_no` varchar(100) DEFAULT NULL,
  `fst_contract_no` varchar(100) DEFAULT NULL,
  `fst_delivery_address` text DEFAULT NULL,
  `fst_memo` text DEFAULT NULL,
  `fst_curr_code` varchar(10) DEFAULT NULL,
  `fdc_exchange_rate_idr` decimal(12,2) DEFAULT NULL,
  `fdc_subttl` decimal(12,2) DEFAULT NULL,
  `fdc_disc_amount` decimal(12,2) DEFAULT NULL,
  `fdc_ppn_percent` decimal(5,2) DEFAULT NULL,
  `fdc_ppn_amount` decimal(12,2) DEFAULT NULL,
  `fdc_downpayment` decimal(12,2) DEFAULT 0.00,
  `fdc_downpayment_paid` decimal(12,2) DEFAULT 0.00,
  `fdc_downpayment_claimed` decimal(12,2) DEFAULT 0.00,
  `fbl_dp_inc_ppn` tinyint(4) DEFAULT 1,
  `fst_no_faktur_pajak` varchar(45) DEFAULT NULL,
  `fbl_is_closed` tinyint(1) DEFAULT 0 COMMENT 'set true bila PO ini akan di close, sehingga tidak muncul lagi pada penerimaan barang',
  `fst_closed_notes` text DEFAULT NULL,
  `fdt_closed_datetime` datetime DEFAULT NULL,
  `fbl_cost_completed` tinyint(1) DEFAULT 0 COMMENT 'set true, bila semua biaya terhadap PO ini sudah di masukan, dan lakukan perhitungan ulang kartu stock',
  `fin_branch_id` int(11) DEFAULT NULL,
  `fdt_eta_date` date DEFAULT NULL COMMENT 'Estimated Time Arrival',
  `fin_pr_process_id` int(11) DEFAULT NULL,
  `fst_active` enum('A','S','D','R') DEFAULT NULL COMMENT 'Active;Suspend;Deleted;Rejected(tidak di approved)',
  `fin_insert_id` int(11) DEFAULT NULL,
  `fdt_insert_datetime` datetime DEFAULT NULL,
  `fin_update_id` int(11) DEFAULT NULL,
  `fdt_update_datetime` datetime DEFAULT NULL,
  PRIMARY KEY (`fin_po_id`)
) ENGINE=InnoDB AUTO_INCREMENT=86 DEFAULT CHARSET=latin1;

/*Data for the table `trpo` */

insert  into `trpo`(`fin_po_id`,`fbl_is_import`,`fdt_po_datetime`,`fst_po_no`,`fin_supplier_id`,`fin_term`,`fin_warehouse_id`,`fst_do_no`,`fst_contract_no`,`fst_delivery_address`,`fst_memo`,`fst_curr_code`,`fdc_exchange_rate_idr`,`fdc_subttl`,`fdc_disc_amount`,`fdc_ppn_percent`,`fdc_ppn_amount`,`fdc_downpayment`,`fdc_downpayment_paid`,`fdc_downpayment_claimed`,`fbl_dp_inc_ppn`,`fst_no_faktur_pajak`,`fbl_is_closed`,`fst_closed_notes`,`fdt_closed_datetime`,`fbl_cost_completed`,`fin_branch_id`,`fdt_eta_date`,`fin_pr_process_id`,`fst_active`,`fin_insert_id`,`fdt_insert_datetime`,`fin_update_id`,`fdt_update_datetime`) values (65,0,'2019-12-27 10:56:37','PO/JKT/2019/12/00002',150,30,1,'DO/2019/12/27002','KTK/2019/12/27002','JAKARTA 1','LOKAL','IDR',1.00,11025000.00,1225000.00,10.00,1102500.00,6200000.00,6200000.00,6200000.00,1,NULL,1,'AUTO - 2019-12-27 15:05:50','2019-12-27 15:05:51',1,1,NULL,NULL,'A',4,'2019-12-27 11:10:03',4,'2019-12-27 12:28:15'),(66,0,'2019-12-27 11:16:17','PO/JKT/2019/12/00003',151,30,1,'DO/2019/12/27003','KTK/2019/12/27003','JAKARTA 1','LOKAL','IDR',1.00,13890000.00,1560000.00,10.00,1389000.00,8000000.00,8000000.00,8000000.00,1,NULL,1,'AUTO - 2019-12-27 16:05:29','2019-12-27 16:05:29',1,1,NULL,NULL,'A',4,'2019-12-27 12:26:11',4,'2019-12-27 12:28:19'),(67,0,'2019-12-27 14:06:05','PO/JKT/2019/12/00004',152,30,1,'DO/2019/12/27004','KTK/2019/12/27004','JAKARTA 1','LOKAL','IDR',1.00,17451000.00,1939000.00,10.00,1745100.00,9500000.00,9500000.00,9500000.00,1,NULL,1,'AUTO - 2019-12-27 16:28:47','2019-12-27 16:28:47',1,1,NULL,NULL,'A',4,'2019-12-27 14:15:54',4,'2019-12-27 14:17:16'),(68,0,'2019-12-27 14:15:56','PO/JKT/2019/12/00005',153,30,2,'DO/2019/12/27005','DO/2019/12/27005','Jakarta 2','PR1 \r\nLOKAL','IDR',1.00,14400000.00,1600000.00,10.00,1440000.00,7500000.00,7500000.00,7500000.00,1,NULL,1,'AUTO - 2019-12-27 16:58:58','2019-12-27 16:58:58',1,1,NULL,NULL,'A',4,'2019-12-27 14:30:12',4,'2019-12-27 14:42:21'),(69,0,'2019-12-27 14:36:07','PO/JKT/2019/12/00006',159,30,2,'DO/2019/12/27006','KTK/2019/12/27006','Jakarta 2','PR1 \r\nLOKAL','IDR',1.00,13725000.00,1525000.00,10.00,1372500.00,7500000.00,7500000.00,7500000.00,1,NULL,1,'AUTO - 2019-12-27 17:59:21','2019-12-27 17:59:21',1,1,NULL,NULL,'A',4,'2019-12-27 14:41:45',4,'2019-12-27 14:42:25'),(70,0,'2019-12-27 15:41:57','PO/JKT/2019/12/00007',149,30,1,'DO/2019/12/27001','DO/2019/12/27001','JAKARTA 1','TEST 3D','IDR',1.00,10305000.00,1145000.00,10.00,1030500.00,6000000.00,6000000.00,6000000.00,1,NULL,1,'AUTO - 2019-12-27 15:48:49','2019-12-27 15:48:49',1,1,NULL,NULL,'A',4,'2019-12-27 15:45:08',4,'2019-12-27 15:45:19'),(71,1,'2019-12-27 17:40:49','PO/JKT/2019/12/00008',159,30,1,'DO/2019/12/27007','KTK/2019/12/27007','JAKARTA 1','IMPORT','USD',14250.00,3325.00,175.00,0.00,0.00,1600.00,1600.00,1600.00,0,NULL,1,'AUTO - 2019-12-27 18:02:29','2019-12-27 18:02:29',1,1,NULL,NULL,'A',4,'2019-12-27 17:43:38',4,'2019-12-27 17:43:53'),(72,0,'2020-01-02 11:10:47','PO/JKT/2020/01/00001',150,30,2,'DO/2020/01/02001','KTK/2020/01/02001','Jakarta 2','GUDANG PR1 - JAKARTA 2','IDR',1.00,1800000.00,200000.00,10.00,180000.00,1000000.00,1000000.00,1000000.00,1,NULL,1,'AUTO - 2020-01-02 11:17:43','2020-01-02 11:17:43',1,1,NULL,NULL,'A',4,'2020-01-02 11:13:17',4,'2020-01-02 11:14:07'),(73,0,'2020-01-02 14:07:10','PO/JKT/2020/01/00002',149,20,2,'DO/2020/01/02002','KTK/2020/01/02002','Jakarta 2','','IDR',1.00,2000.00,0.00,10.00,200.00,1500.00,1500.00,1500.00,1,NULL,1,'AUTO - 2020-01-02 14:16:37','2020-01-02 14:16:37',1,1,NULL,NULL,'A',4,'2020-01-02 14:08:59',4,'2020-01-02 14:09:19'),(74,0,'2020-01-03 09:28:24','PO/JKT/2020/01/00003',152,30,1,'DO/2020/01/03001','KTK/2020/01/03001','JAKARTA 1','LOKAL','IDR',1.00,10350000.00,1150000.00,10.00,1035000.00,6000000.00,6000000.00,6000000.00,1,NULL,1,'AUTO - 2020-01-03 09:39:30','2020-01-03 09:39:30',1,1,NULL,NULL,'A',4,'2020-01-03 09:32:46',4,'2020-01-03 09:33:35'),(75,0,'2020-01-03 09:51:51','PO/JKT/2020/01/00004',150,30,1,'DO/2020/01/03002','KTK/2020/01/03002','JAKARTA 1','','IDR',1.00,211500.00,23500.00,10.00,21150.00,140000.00,140000.00,140000.00,1,NULL,1,'AUTO - 2020-01-03 10:19:03','2020-01-03 10:19:03',1,1,NULL,NULL,'A',4,'2020-01-03 10:02:34',4,'2020-01-03 10:04:29'),(76,0,'2020-01-03 10:02:36','PO/JKT/2020/01/00005',150,10,2,'DO/2020/01/03003','KTK/2020/01/03003','Jakarta 2','','IDR',1.00,36000.00,4000.00,10.00,3600.00,15600.00,15600.00,15600.00,1,NULL,1,'AUTO - 2020-01-03 10:20:12','2020-01-03 10:20:12',1,1,NULL,NULL,'A',4,'2020-01-03 10:04:16',4,'2020-01-03 10:04:33'),(77,0,'2020-01-03 10:42:03','PO/JKT/2020/01/00006',151,30,1,'DO/2020/01/03004','KTK/2020/01/03004','JAKARTA 1','C22 - JAKARTA 1','IDR',1.00,4095000.00,455000.00,10.00,409500.00,2500000.00,2500000.00,2500000.00,1,NULL,1,'AUTO - 2020-01-03 11:01:09','2020-01-03 11:01:00',1,1,NULL,NULL,'A',4,'2020-01-03 10:47:00',4,'2020-01-03 10:47:11'),(78,0,'2020-01-03 13:37:34','PO/JKT/2020/01/00007',149,30,1,'DO/2020/01/03005','KTK/2020/01/03005','JAKARTA 1','C22 - JAKARTA 1 \r\nLOKAL','IDR',1.00,4500000.00,500000.00,10.00,450000.00,3000000.00,3000000.00,3000000.00,1,NULL,1,'AUTO - 2020-01-03 13:48:32','2020-01-03 13:48:32',1,1,NULL,NULL,'A',4,'2020-01-03 13:40:53',4,'2020-01-03 13:41:10'),(79,0,'2020-01-06 09:39:02','PO/JKT/2020/01/00008',150,30,1,'DO/2020/01/06001','KTK/2020/01/06001','JAKARTA 1','GUDANG C22 - JAKARTA 1','IDR',1.00,17600000.00,0.00,10.00,1760000.00,10000000.00,10000000.00,10000000.00,1,NULL,1,'AUTO - 2020-01-06 09:48:48','2020-01-06 09:48:48',1,1,NULL,NULL,'A',4,'2020-01-06 09:43:34',4,'2020-01-06 09:44:20'),(80,0,'2020-01-06 16:37:43','PO/JKT/2020/01/00009',149,0,1,'','','JAKARTA 1','','IDR',1.00,6300000.00,700000.00,10.00,630000.00,4000000.00,4000000.00,4000000.00,1,NULL,1,'AUTO - 2020-01-06 16:44:37','2020-01-06 16:44:37',1,1,NULL,NULL,'A',4,'2020-01-06 16:39:55',4,'2020-01-06 16:41:44'),(81,0,'2020-01-07 11:07:21','PO/JKT/2020/01/00010',151,30,1,'','','JAKARTA 1','','IDR',1.00,3000000.00,0.00,10.00,300000.00,2000000.00,2000000.00,2000000.00,1,NULL,1,'AUTO - 2020-01-07 11:16:02','2020-01-07 11:16:02',1,1,NULL,NULL,'A',4,'2020-01-07 11:08:39',4,'2020-01-07 11:11:03'),(82,0,'2020-01-07 13:45:09','PO/JKT/2020/01/00011',150,30,1,'','','JAKARTA 1','','IDR',1.00,8500000.00,0.00,10.00,850000.00,5000000.00,5000000.00,5000000.00,1,NULL,1,'AUTO - 2020-01-07 14:01:49','2020-01-07 14:01:49',1,1,NULL,NULL,'A',4,'2020-01-07 13:51:40',4,'2020-01-07 13:53:16'),(85,0,'2020-02-04 11:08:45','PO/JKT/2020/02/00001',149,0,1,'','','JAKARTA 1 ','test memo','IDR',1.00,1103600.00,400.00,10.00,110360.00,200000.00,0.00,0.00,1,NULL,0,NULL,NULL,0,1,NULL,311446912,'S',12,'2020-02-04 11:13:16',12,'2020-02-04 12:11:42');

/*Table structure for table `trpodetails` */

DROP TABLE IF EXISTS `trpodetails`;

CREATE TABLE `trpodetails` (
  `fin_po_detail_id` bigint(11) NOT NULL AUTO_INCREMENT,
  `fin_po_id` int(11) DEFAULT NULL,
  `fin_item_id` int(11) DEFAULT NULL,
  `fst_custom_item_name` varchar(100) DEFAULT NULL,
  `fdb_qty` double(12,2) DEFAULT NULL,
  `fst_unit` varchar(100) DEFAULT NULL,
  `fdc_price` decimal(12,2) DEFAULT NULL,
  `fst_disc_item` varchar(100) DEFAULT NULL,
  `fdc_disc_amount` decimal(12,2) DEFAULT NULL,
  `fdc_disc_amount_per_item` decimal(12,2) DEFAULT 0.00,
  `fdb_qty_lpb` double(12,2) DEFAULT 0.00 COMMENT 'Qty Laporan Penerimaan Barang',
  `fdb_qty_return` double(12,2) DEFAULT 0.00 COMMENT 'Qty Return',
  `fst_notes` text DEFAULT NULL,
  `fst_active` enum('A','S','D') DEFAULT NULL,
  `fin_insert_id` int(11) DEFAULT NULL,
  `fdt_insert_datetime` datetime DEFAULT NULL,
  `fin_update_id` int(11) DEFAULT NULL,
  `fdt_update_datetime` datetime DEFAULT NULL,
  PRIMARY KEY (`fin_po_detail_id`)
) ENGINE=InnoDB AUTO_INCREMENT=319 DEFAULT CHARSET=latin1;

/*Data for the table `trpodetails` */

insert  into `trpodetails`(`fin_po_detail_id`,`fin_po_id`,`fin_item_id`,`fst_custom_item_name`,`fdb_qty`,`fst_unit`,`fdc_price`,`fst_disc_item`,`fdc_disc_amount`,`fdc_disc_amount_per_item`,`fdb_qty_lpb`,`fdb_qty_return`,`fst_notes`,`fst_active`,`fin_insert_id`,`fdt_insert_datetime`,`fin_update_id`,`fdt_update_datetime`) values (234,65,70,'GREEBEL OIL PASTEL PP - 24C - 2',100.00,'SET',15000.00,'10',150000.00,1500.00,100.00,0.00,'','A',4,'2019-12-27 11:10:03',NULL,NULL),(235,65,71,'GREEBEL SHARPENER 103 (COLOR BOX)',100.00,'PCS',18000.00,'10',180000.00,1800.00,100.00,0.00,'','A',4,'2019-12-27 11:10:03',NULL,NULL),(236,65,72,'MASTER BOX GREEBEL GUNTING GB-SC-02',100.00,'PCS',12000.00,'10',120000.00,1200.00,100.00,0.00,'','A',4,'2019-12-27 11:10:03',NULL,NULL),(237,65,73,'GREEBEL 7018 PENCIL 2B (PER PCS)',100.00,'PCS',5000.00,'10',50000.00,500.00,100.00,0.00,'','A',4,'2019-12-27 11:10:03',NULL,NULL),(238,65,80,'PENCIL CASE PAKET UJIAN',100.00,'PCS',20000.00,'10',200000.00,2000.00,100.00,0.00,'','A',4,'2019-12-27 11:10:03',NULL,NULL),(239,65,81,'GREEBEL SHARPENER 102 (JAR)',100.00,'PCS',15000.00,'10',150000.00,1500.00,100.00,0.00,'','A',4,'2019-12-27 11:10:03',NULL,NULL),(240,65,82,'GREEBEL ERASER GBW-120630',100.00,'PCS',12500.00,'10',125000.00,1250.00,100.00,0.00,'','A',4,'2019-12-27 11:10:03',NULL,NULL),(241,65,83,'PENGGARIS GB PELITA MAS',100.00,'PCS',10000.00,'10',100000.00,1000.00,100.00,0.00,'','A',4,'2019-12-27 11:10:03',NULL,NULL),(242,65,84,'RING CLIP BOARD GREEBEL',150.00,'PCS',5000.00,'10',75000.00,500.00,150.00,0.00,'','A',4,'2019-12-27 11:10:03',NULL,NULL),(243,65,85,'NAIL 3,8X8X8MM',150.00,'PCS',5000.00,'10',75000.00,500.00,150.00,0.00,'','A',4,'2019-12-27 11:10:03',NULL,NULL),(244,66,86,'GREEBEL STATIONERY 4 IN 1',100.00,'SET',50000.00,'10',500000.00,5000.00,100.00,0.00,'','A',4,'2019-12-27 12:26:11',NULL,NULL),(245,66,87,'GREEBEL SHARPENER 102 (5000 PCS/CTN)',4.00,'CTN',625000.00,'10',250000.00,62500.00,4.00,0.00,'','A',4,'2019-12-27 12:26:11',NULL,NULL),(246,66,88,'GREEBEL ERASER GBW-120640',100.00,'PCS',10000.00,'10',100000.00,1000.00,100.00,0.00,'','A',4,'2019-12-27 12:26:11',NULL,NULL),(247,66,90,'KERTAS BARCODE',300.00,'PCS',500.00,'20',30000.00,100.00,300.00,0.00,'','A',4,'2019-12-27 12:26:11',NULL,NULL),(248,66,91,'GREEBEL GLUE STICK 8G - 2 PCS/SET',100.00,'SET',15000.00,'10',150000.00,1500.00,100.00,0.00,'','A',4,'2019-12-27 12:26:11',NULL,NULL),(249,66,92,'GREEBEL GLUE STICK 8G',100.00,'PCS',8000.00,'10',80000.00,800.00,100.00,0.00,'','A',4,'2019-12-27 12:26:11',NULL,NULL),(250,66,94,'GREEBEL PAKET TAB 2017',100.00,'SET',45000.00,'10',450000.00,4500.00,100.00,0.00,'','A',4,'2019-12-27 12:26:11',NULL,NULL),(251,67,95,'GREEBEL OIL PASTEL PP - 12C',100.00,'SET',50000.00,'10',500000.00,5000.00,100.00,0.00,'','A',4,'2019-12-27 14:15:54',NULL,NULL),(252,67,96,'GREEBEL ERASER GBB-141820',100.00,'PCS',10000.00,'10',100000.00,1000.00,100.00,0.00,'','A',4,'2019-12-27 14:15:54',NULL,NULL),(253,67,97,'GREEBEL GLUE STICK 21G',100.00,'PCS',20000.00,'10',200000.00,2000.00,100.00,0.00,'','A',4,'2019-12-27 14:15:54',NULL,NULL),(254,67,98,'GREEBEL 7206 PENCIL BI COLOR',100.00,'SET',12000.00,'10',120000.00,1200.00,100.00,0.00,'','A',4,'2019-12-27 14:15:54',NULL,NULL),(255,67,104,'PENCIL LEAD OM-11 BLACK',85.00,'GRS',14000.00,'10',119000.00,1400.00,85.00,0.00,'','A',4,'2019-12-27 14:15:54',NULL,NULL),(256,67,191,'GREEBEL 6712 - 3.7 MM WATER COLOUR PENCIL',100.00,'SET',15000.00,'10',150000.00,1500.00,100.00,0.00,'','A',4,'2019-12-27 14:15:54',NULL,NULL),(257,67,187,'GREEBEL 7026 HB HEXAGONAL PENCIL (PER PCS)',100.00,'PCS',10000.00,'10',100000.00,1000.00,100.00,0.00,'','A',4,'2019-12-27 14:15:54',NULL,NULL),(258,67,174,'GREEBEL STATIONERY SET 2-7019 + 120630 + 102',100.00,'SET',65000.00,'10',650000.00,6500.00,100.00,0.00,'','A',4,'2019-12-27 14:15:54',NULL,NULL),(259,68,62,'GREEBEL 7018 PENCIL 2B (12 PCS/SET)',100.00,'SET',20000.00,'10',200000.00,2000.00,100.00,0.00,'','A',4,'2019-12-27 14:30:12',NULL,NULL),(260,68,63,'GREEBEL 3736 PENCIL SUPER LEAD',100.00,'SET',10000.00,'10',100000.00,1000.00,100.00,0.00,'','A',4,'2019-12-27 14:30:12',NULL,NULL),(261,68,64,'GREEBEL PENCIL BAG MICA 2520',100.00,'PCS',15000.00,'10',150000.00,1500.00,100.00,0.00,'','A',4,'2019-12-27 14:30:12',NULL,NULL),(262,68,65,'CRAYON TABUNG ZC 012',100.00,'TAB',15000.00,'10',150000.00,1500.00,100.00,0.00,'','A',4,'2019-12-27 14:30:12',NULL,NULL),(263,68,68,'GREEBEL PAKET UJIAN PINTAR',100.00,'SET',30000.00,'10',300000.00,3000.00,100.00,0.00,'','A',4,'2019-12-27 14:30:12',NULL,NULL),(264,68,70,'GREEBEL OIL PASTEL PP - 24C - 2',100.00,'SET',15000.00,'10',150000.00,1500.00,100.00,0.00,'','A',4,'2019-12-27 14:30:12',NULL,NULL),(265,68,71,'GREEBEL SHARPENER 103 (COLOR BOX)',100.00,'PCS',18000.00,'10',180000.00,1800.00,100.00,0.00,'','A',4,'2019-12-27 14:30:12',NULL,NULL),(266,68,72,'MASTER BOX GREEBEL GUNTING GB-SC-02',100.00,'PCS',12000.00,'10',120000.00,1200.00,100.00,0.00,'','A',4,'2019-12-27 14:30:12',NULL,NULL),(267,68,73,'GREEBEL 7018 PENCIL 2B (PER PCS)',100.00,'PCS',5000.00,'10',50000.00,500.00,100.00,0.00,'','A',4,'2019-12-27 14:30:12',NULL,NULL),(268,68,80,'PENCIL CASE PAKET UJIAN',100.00,'PCS',20000.00,'10',200000.00,2000.00,100.00,0.00,'','A',4,'2019-12-27 14:30:12',NULL,NULL),(269,69,81,'GREEBEL SHARPENER 102 (JAR)',100.00,'PCS',15000.00,'10',150000.00,1500.00,100.00,0.00,'','A',4,'2019-12-27 14:41:45',NULL,NULL),(270,69,82,'GREEBEL ERASER GBW-120630',100.00,'PCS',12500.00,'10',125000.00,1250.00,100.00,0.00,'','A',4,'2019-12-27 14:41:45',NULL,NULL),(271,69,83,'PENGGARIS GB PELITA MAS',100.00,'PCS',10000.00,'10',100000.00,1000.00,100.00,0.00,'','A',4,'2019-12-27 14:41:45',NULL,NULL),(272,69,84,'RING CLIP BOARD GREEBEL',100.00,'PCS',5000.00,'10',50000.00,500.00,100.00,0.00,'','A',4,'2019-12-27 14:41:45',NULL,NULL),(273,69,86,'GREEBEL STATIONERY 4 IN 1',80.00,'SET',50000.00,'10',400000.00,5000.00,80.00,0.00,'','A',4,'2019-12-27 14:41:45',NULL,NULL),(274,69,88,'GREEBEL ERASER GBW-120640',100.00,'PCS',10000.00,'10',100000.00,1000.00,100.00,0.00,'','A',4,'2019-12-27 14:41:45',NULL,NULL),(275,69,91,'GREEBEL GLUE STICK 8G - 2 PCS/SET',100.00,'SET',15000.00,'10',150000.00,1500.00,100.00,0.00,'','A',4,'2019-12-27 14:41:45',NULL,NULL),(276,69,94,'GREEBEL PAKET TAB 2017',100.00,'SET',45000.00,'10',450000.00,4500.00,100.00,0.00,'','A',4,'2019-12-27 14:41:45',NULL,NULL),(277,70,62,'GREEBEL 7018 PENCIL 2B (12 PCS/SET)',100.00,'SET',20000.00,'10',200000.00,2000.00,100.00,0.00,'','A',4,'2019-12-27 15:45:09',NULL,NULL),(278,70,63,'GREEBEL 3736 PENCIL SUPER LEAD',100.00,'SET',10000.00,'10',100000.00,1000.00,100.00,0.00,'','A',4,'2019-12-27 15:45:09',NULL,NULL),(279,70,64,'GREEBEL PENCIL BAG MICA 2520',100.00,'PCS',15000.00,'10',150000.00,1500.00,100.00,0.00,'','A',4,'2019-12-27 15:45:09',NULL,NULL),(280,70,65,'CRAYON TABUNG ZC 012',100.00,'TAB',15000.00,'10',150000.00,1500.00,100.00,0.00,'','A',4,'2019-12-27 15:45:09',NULL,NULL),(281,70,67,'GREEBEL WATER GLUE 35 ML',10.00,'BOX',245000.00,'10',245000.00,24500.00,10.00,0.00,'','A',4,'2019-12-27 15:45:09',NULL,NULL),(282,70,68,'GREEBEL PAKET UJIAN PINTAR',100.00,'SET',30000.00,'10',300000.00,3000.00,100.00,0.00,'','A',4,'2019-12-27 15:45:09',NULL,NULL),(283,71,107,'GREEBEL 7018 2 PCS + ERASER GBB-141240 2 PCS',100.00,'SET',10.00,'5',50.00,0.50,100.00,0.00,'','A',4,'2019-12-27 17:43:38',NULL,NULL),(284,71,62,'GREEBEL 7018 PENCIL 2B (12 PCS/SET)',100.00,'SET',10.00,'5',50.00,0.50,100.00,0.00,'','A',4,'2019-12-27 17:43:38',NULL,NULL),(285,71,64,'GREEBEL PENCIL BAG MICA 2520',100.00,'PCS',15.00,'5',75.00,0.75,100.00,0.00,'','A',4,'2019-12-27 17:43:38',NULL,NULL),(286,72,186,'CORRECTION PEN W 004',100.00,'LSN',20000.00,'10',200000.00,2000.00,100.00,0.00,'','A',4,'2020-01-02 11:13:17',NULL,NULL),(287,73,101,'COLOURING BOOK NOT FOR SALE',200.00,'PCS',10.00,'0',0.00,0.00,200.00,0.00,'','A',4,'2020-01-02 14:08:59',NULL,NULL),(288,74,107,'GREEBEL 7018 2 PCS + ERASER GBB-141240 2 PCS',100.00,'SET',20000.00,'10',200000.00,2000.00,100.00,0.00,'','A',4,'2020-01-03 09:32:46',NULL,NULL),(289,74,186,'CORRECTION PEN W 004',100.00,'LSN',20000.00,'10',200000.00,2000.00,100.00,0.00,'','A',4,'2020-01-03 09:32:46',NULL,NULL),(290,74,94,'GREEBEL PAKET TAB 2017',100.00,'SET',45000.00,'10',450000.00,4500.00,100.00,0.00,'','A',4,'2020-01-03 09:32:46',NULL,NULL),(291,74,68,'GREEBEL PAKET UJIAN PINTAR',100.00,'SET',30000.00,'10',300000.00,3000.00,100.00,0.00,'','A',4,'2020-01-03 09:32:46',NULL,NULL),(292,75,70,'GREEBEL OIL PASTEL PP - 24C - 2',2.00,'SET',15000.00,'10',3000.00,1500.00,2.00,0.00,'','A',4,'2020-01-03 10:02:34',NULL,NULL),(293,75,71,'GREEBEL SHARPENER 103 (COLOR BOX)',2.00,'PCS',18000.00,'10',3600.00,1800.00,2.00,0.00,'','A',4,'2020-01-03 10:02:34',NULL,NULL),(294,75,72,'MASTER BOX GREEBEL GUNTING GB-SC-02',2.00,'PCS',12000.00,'10',2400.00,1200.00,2.00,0.00,'','A',4,'2020-01-03 10:02:34',NULL,NULL),(295,75,73,'GREEBEL 7018 PENCIL 2B (PER PCS)',2.00,'PCS',5000.00,'10',1000.00,500.00,2.00,0.00,'','A',4,'2020-01-03 10:02:34',NULL,NULL),(296,75,80,'PENCIL CASE PAKET UJIAN',2.00,'PCS',20000.00,'10',4000.00,2000.00,2.00,0.00,'','A',4,'2020-01-03 10:02:34',NULL,NULL),(297,75,81,'GREEBEL SHARPENER 102 (JAR)',2.00,'PCS',15000.00,'10',3000.00,1500.00,2.00,0.00,'','A',4,'2020-01-03 10:02:34',NULL,NULL),(298,75,82,'GREEBEL ERASER GBW-120630',2.00,'PCS',12500.00,'10',2500.00,1250.00,2.00,0.00,'','A',4,'2020-01-03 10:02:34',NULL,NULL),(299,75,83,'PENGGARIS GB PELITA MAS',2.00,'PCS',10000.00,'10',2000.00,1000.00,2.00,0.00,'','A',4,'2020-01-03 10:02:34',NULL,NULL),(300,75,84,'RING CLIP BOARD GREEBEL',2.00,'PCS',5000.00,'10',1000.00,500.00,2.00,0.00,'','A',4,'2020-01-03 10:02:34',NULL,NULL),(301,75,85,'NAIL 3,8X8X8MM',2.00,'PCS',5000.00,'10',1000.00,500.00,2.00,0.00,'','A',4,'2020-01-03 10:02:34',NULL,NULL),(302,76,186,'CORRECTION PEN W 004',2.00,'LSN',20000.00,'10',4000.00,2000.00,2.00,0.00,'','A',4,'2020-01-03 10:04:16',NULL,NULL),(303,77,90,'KERTAS BARCODE',100.00,'PCS',500.00,'10',5000.00,50.00,100.00,0.00,'','A',4,'2020-01-03 10:47:00',NULL,NULL),(304,77,64,'GREEBEL PENCIL BAG MICA 2520',100.00,'PCS',20000.00,'10',200000.00,2000.00,100.00,0.00,'','A',4,'2020-01-03 10:47:00',NULL,NULL),(305,77,69,'PAPAN UJIAN A4 BIRU',100.00,'PCS',25000.00,'10',250000.00,2500.00,100.00,0.00,'','A',4,'2020-01-03 10:47:00',NULL,NULL),(306,78,177,'GREEBEL BALLPEN TECHNOLINE 0.5 BLACK',200.00,'PCS',25000.00,'10',500000.00,2500.00,200.00,0.00,'','A',4,'2020-01-03 13:40:53',NULL,NULL),(307,79,118,'GREEBEL ARTIST OIL PASTEL 36C',200.00,'SET',88000.00,'0',0.00,0.00,200.00,0.00,'GUDANG C22 - JAKARTA 1','A',4,'2020-01-06 09:43:34',NULL,NULL),(308,80,175,'GREEBEL 7019 PENCIL 2B (PER PCS)',200.00,'PCS',5000.00,'10',100000.00,500.00,200.00,0.00,'','A',4,'2020-01-06 16:39:55',NULL,NULL),(309,80,98,'GREEBEL 7206 PENCIL BI COLOR',200.00,'SET',30000.00,'10',600000.00,3000.00,200.00,0.00,'','A',4,'2020-01-06 16:39:55',NULL,NULL),(310,81,191,'GREEBEL 6712 - 3.7 MM WATER COLOUR PENCIL',200.00,'SET',15000.00,'0',0.00,0.00,200.00,0.00,'HARGA SUDAH DISKON','A',4,'2020-01-07 11:08:39',NULL,NULL),(311,82,181,'GREEBEL SHARPENER 102 (2PCS/PACK)',100.00,'PACK',20000.00,'0',0.00,0.00,100.00,0.00,'','A',4,'2020-01-07 13:51:40',NULL,NULL),(312,82,174,'GREEBEL STATIONERY SET 2-7019 + 120630 + 102',100.00,'SET',65000.00,'0',0.00,0.00,100.00,0.00,'','A',4,'2020-01-07 13:51:40',NULL,NULL),(316,85,65,'CRAYON TABUNG ZC 012',20.00,'CTN',10000.00,'0',0.00,0.00,0.00,0.00,'1111','A',12,'2020-02-04 12:11:42',NULL,NULL),(317,85,64,'GREEBEL PENCIL BAG MICA 2520',30.00,'PCS',30000.00,'0',0.00,0.00,0.00,0.00,'22222','A',12,'2020-02-04 12:11:42',NULL,NULL),(318,85,69,'PAPAN UJIAN A4 BIRU',1.00,'PCS',4000.00,'10',400.00,400.00,0.00,0.00,'33333','A',12,'2020-02-04 12:11:42',NULL,NULL);

/*Table structure for table `trprdistribution` */

DROP TABLE IF EXISTS `trprdistribution`;

CREATE TABLE `trprdistribution` (
  `fin_prdist_id` int(11) NOT NULL AUTO_INCREMENT,
  `fst_prdist_no` varchar(25) NOT NULL,
  `fdt_prdist_datetime` datetime DEFAULT NULL,
  `fin_pr_id` int(11) DEFAULT NULL,
  `fst_memo` text DEFAULT NULL,
  `fst_active` enum('A','S','D') DEFAULT NULL,
  `fin_insert_id` int(11) DEFAULT NULL,
  `fdt_insert_datetime` datetime DEFAULT NULL,
  `fin_update_id` int(11) DEFAULT NULL,
  `fdt_update_datetime` datetime DEFAULT NULL,
  PRIMARY KEY (`fin_prdist_id`)
) ENGINE=InnoDB DEFAULT CHARSET=latin1;

/*Data for the table `trprdistribution` */

/*Table structure for table `trprdistributionitems` */

DROP TABLE IF EXISTS `trprdistributionitems`;

CREATE TABLE `trprdistributionitems` (
  `fin_rec_id` int(11) NOT NULL AUTO_INCREMENT,
  `fin_prdist_id` int(11) DEFAULT NULL,
  `fin_prdetail_id` int(11) DEFAULT NULL,
  `fin_item_id` int(11) DEFAULT NULL,
  `fst_unit` varchar(100) DEFAULT NULL,
  `fdb_qty_dist` double(12,2) DEFAULT NULL,
  `fst_memo` text DEFAULT NULL,
  `fin_pc_divisi_id` int(11) DEFAULT NULL,
  `fin_pc_customer_id` int(11) DEFAULT NULL,
  `fin_pc_project_id` int(11) DEFAULT NULL,
  `fst_active` enum('A','S','D') DEFAULT NULL,
  `fin_insert_id` int(11) DEFAULT NULL,
  `fdt_insert_datetime` datetime DEFAULT NULL,
  `fin_update_id` int(11) DEFAULT NULL,
  `fdt_update_datetime` datetime DEFAULT NULL,
  PRIMARY KEY (`fin_rec_id`)
) ENGINE=InnoDB DEFAULT CHARSET=latin1;

/*Data for the table `trprdistributionitems` */

/*Table structure for table `trpurchasecost` */

DROP TABLE IF EXISTS `trpurchasecost`;

CREATE TABLE `trpurchasecost` (
  `fin_purchasecost_id` int(11) NOT NULL AUTO_INCREMENT,
  `fbl_is_import` tinyint(1) DEFAULT 0,
  `fst_purchasecost_no` varchar(25) DEFAULT NULL,
  `fdt_purchasecost_datetime` datetime DEFAULT NULL,
  `fin_po_id` int(11) DEFAULT NULL,
  `fin_supplier_id` int(11) DEFAULT NULL,
  `fst_curr_code` varchar(10) DEFAULT NULL,
  `fdc_exchange_rate_idr` decimal(12,2) DEFAULT NULL,
  `fdc_total` decimal(12,2) DEFAULT NULL,
  `fst_memo` text DEFAULT NULL,
  `fin_branch_id` int(11) DEFAULT NULL,
  `fst_active` enum('A','S','D') DEFAULT NULL,
  `fin_insert_id` int(11) DEFAULT NULL,
  `fdt_insert_datetime` datetime DEFAULT NULL,
  `fin_update_id` int(11) DEFAULT NULL,
  `fdt_update_datetime` datetime DEFAULT NULL,
  PRIMARY KEY (`fin_purchasecost_id`)
) ENGINE=InnoDB AUTO_INCREMENT=54 DEFAULT CHARSET=latin1;

/*Data for the table `trpurchasecost` */

insert  into `trpurchasecost`(`fin_purchasecost_id`,`fbl_is_import`,`fst_purchasecost_no`,`fdt_purchasecost_datetime`,`fin_po_id`,`fin_supplier_id`,`fst_curr_code`,`fdc_exchange_rate_idr`,`fdc_total`,`fst_memo`,`fin_branch_id`,`fst_active`,`fin_insert_id`,`fdt_insert_datetime`,`fin_update_id`,`fdt_update_datetime`) values (36,0,'PCS/JKT/2019/12/00002','2019-12-27 15:07:54',65,153,'IDR',1.00,540000.00,'TAMBAH BIAYA PENGIRIMAN DAN PPN',1,'A',4,'2019-12-27 15:09:01',NULL,NULL),(37,0,'PCS/JKT/2019/12/00003','2019-12-27 15:49:54',70,153,'IDR',1.00,500000.00,'BIAYA PENGIRIMAN',1,'A',4,'2019-12-27 15:50:54',NULL,NULL),(38,0,'PCS/JKT/2019/12/00004','2019-12-27 16:06:21',66,153,'IDR',1.00,675000.00,'BIAYA PENGIRIMAN + U. MAKAN + U. LEMBUR + PPN',1,'A',4,'2019-12-27 16:09:04',NULL,NULL),(39,0,'PCS/JKT/2019/12/00005','2019-12-27 16:29:56',67,159,'IDR',1.00,650000.00,'BIAYA PENGIRIMAN + U. MAKAN',1,'A',4,'2019-12-27 16:32:15',NULL,NULL),(40,0,'PCS/JKT/2019/12/00006','2019-12-27 16:59:44',68,159,'IDR',1.00,1080000.00,'BIAYA PENGIRIMAN + PARKIR + TOL + U. MAKAN + U. LEMBUR + PPN',1,'A',4,'2019-12-27 17:03:03',NULL,NULL),(41,0,'PCS/JKT/2019/12/00007','2019-12-27 18:04:01',69,153,'IDR',1.00,500000.00,'BIAYA PENGIRIMAN',1,'A',4,'2019-12-27 18:04:48',NULL,NULL),(42,1,'PCS/JKT/2019/12/00008','2019-12-27 18:04:50',71,153,'USD',14250.00,243.00,'B. EKSPEDISI IMPORT + ASURANSI + KEPABEAN + PPN',1,'A',4,'2019-12-27 18:08:52',NULL,NULL),(43,0,'PCS/JKT/2020/01/00001','2020-01-02 11:18:51',72,153,'IDR',1.00,500000.00,'BIAYA PENGIRIMAN',1,'A',4,'2020-01-02 11:20:01',NULL,NULL),(44,0,'PCS/JKT/2020/01/00002','2020-01-02 14:17:28',73,153,'IDR',1.00,500.00,'',1,'A',4,'2020-01-02 14:18:18',NULL,NULL),(45,0,'PCS/JKT/2020/01/00003','2020-01-03 09:40:43',74,153,'IDR',1.00,500000.00,'BIAYA PENGIRIMAN',1,'A',4,'2020-01-03 09:41:29',NULL,NULL),(46,0,'PCS/JKT/2020/01/00004','2020-01-03 10:21:05',75,153,'IDR',1.00,100000.00,'BIAYA PENGIRIMAN JARAK DEKAT',1,'A',4,'2020-01-03 10:21:51',NULL,NULL),(47,0,'PCS/JKT/2020/01/00005','2020-01-03 10:21:53',76,153,'IDR',1.00,25000.00,'BIAYA UANG MAKAN',1,'A',4,'2020-01-03 10:22:50',NULL,NULL),(48,0,'PCS/JKT/2020/01/00006','2020-01-03 11:02:22',77,161,'IDR',1.00,500000.00,'TAMBAH BIAYA PENGIRIMAN',1,'A',4,'2020-01-03 11:03:33',NULL,NULL),(49,0,'PCS/JKT/2020/01/00007','2020-01-03 13:54:15',78,153,'IDR',1.00,500000.00,'TIDAK DIPOTONG PPN',1,'A',4,'2020-01-03 13:56:31',NULL,NULL),(50,0,'PCS/JKT/2020/01/00008','2020-01-06 09:58:00',79,153,'IDR',1.00,1400000.00,'BIAYA TAMBAHAN PENGIRIMAN + UANG MAKAN + TIDAK ADA PPN',1,'A',4,'2020-01-06 10:00:17',4,'2020-01-06 10:01:21'),(51,0,'PCS/JKT/2020/01/00009','2020-01-06 16:46:33',80,159,'IDR',1.00,500000.00,'',1,'A',4,'2020-01-06 16:47:12',NULL,NULL),(52,0,'PCS/JKT/2020/01/00010','2020-01-07 11:16:50',81,153,'IDR',1.00,500000.00,'BIAYA PENGIRIMAN',1,'A',4,'2020-01-07 11:17:42',NULL,NULL),(53,0,'PCS/JKT/2020/01/00011','2020-01-07 14:06:16',82,161,'IDR',1.00,500000.00,'TAMBAH BIAYA PENGIRIMAN',1,'A',4,'2020-01-07 14:07:30',NULL,NULL);

/*Table structure for table `trpurchasecostitems` */

DROP TABLE IF EXISTS `trpurchasecostitems`;

CREATE TABLE `trpurchasecostitems` (
  `fin_rec_id` int(11) NOT NULL AUTO_INCREMENT,
  `fin_purchasecost_id` int(11) DEFAULT NULL,
  `fst_glaccount_code` varchar(100) DEFAULT NULL,
  `fst_notes` text DEFAULT NULL,
  `fdc_debet` decimal(12,2) DEFAULT NULL,
  `fdc_credit` decimal(12,2) DEFAULT NULL,
  `fin_pcc_id` int(11) DEFAULT NULL COMMENT 'Profit and cost center, Semua account raba rugi harus mengisi kolom ini',
  `fin_pc_divisi_id` int(11) DEFAULT NULL COMMENT 'semua glaccount fbl_pc_divisi harus isi, selain itu optional',
  `fin_pc_customer_id` int(11) DEFAULT NULL COMMENT 'semua glaccount fbl_pc_customer harus isi, selain itu optional',
  `fin_pc_project_id` int(11) DEFAULT NULL COMMENT 'semua glaccount fbl_pcc_project harus isi, selain itu optional',
  `fst_active` enum('A','S','D') DEFAULT NULL,
  `fin_insert_id` int(11) DEFAULT NULL,
  `fdt_insert_datetime` datetime DEFAULT NULL,
  `fin_update_id` int(11) DEFAULT NULL,
  `fdt_update_datetime` datetime DEFAULT NULL,
  PRIMARY KEY (`fin_rec_id`)
) ENGINE=InnoDB AUTO_INCREMENT=129 DEFAULT CHARSET=latin1;

/*Data for the table `trpurchasecostitems` */

insert  into `trpurchasecostitems`(`fin_rec_id`,`fin_purchasecost_id`,`fst_glaccount_code`,`fst_notes`,`fdc_debet`,`fdc_credit`,`fin_pcc_id`,`fin_pc_divisi_id`,`fin_pc_customer_id`,`fin_pc_project_id`,`fst_active`,`fin_insert_id`,`fdt_insert_datetime`,`fin_update_id`,`fdt_update_datetime`) values (98,36,'612.111.007','',600000.00,0.00,1,11,153,4,'A',4,'2019-12-27 15:09:01',NULL,NULL),(99,36,'612.114.009','',0.00,60000.00,1,11,153,4,'A',4,'2019-12-27 15:09:01',NULL,NULL),(100,37,'612.111.007','',500000.00,0.00,1,11,153,4,'A',4,'2019-12-27 15:50:54',NULL,NULL),(101,38,'612.111.007','',500000.00,0.00,1,11,153,4,'A',4,'2019-12-27 16:09:04',NULL,NULL),(102,38,'611.111.002','',150000.00,0.00,1,11,153,4,'A',4,'2019-12-27 16:09:04',NULL,NULL),(103,38,'611.111.003','',100000.00,0.00,1,11,153,4,'A',4,'2019-12-27 16:09:04',NULL,NULL),(104,38,'612.114.009','',0.00,75000.00,1,11,153,4,'A',4,'2019-12-27 16:09:04',NULL,NULL),(105,39,'612.111.007','',500000.00,0.00,1,11,159,4,'A',4,'2019-12-27 16:32:15',NULL,NULL),(106,39,'611.111.002','',150000.00,0.00,1,11,159,4,'A',4,'2019-12-27 16:32:15',NULL,NULL),(107,40,'612.111.007','',500000.00,0.00,1,11,159,4,'A',4,'2019-12-27 17:03:03',NULL,NULL),(108,40,'613.111.038','',300000.00,0.00,1,11,159,4,'A',4,'2019-12-27 17:03:03',NULL,NULL),(109,40,'611.111.003','',200000.00,0.00,1,11,159,4,'A',4,'2019-12-27 17:03:03',NULL,NULL),(110,40,'611.111.002','',200000.00,0.00,1,11,159,4,'A',4,'2019-12-27 17:03:03',NULL,NULL),(111,40,'612.114.009','',0.00,120000.00,1,11,159,4,'A',4,'2019-12-27 17:03:03',NULL,NULL),(112,41,'612.111.007','',500000.00,0.00,1,11,153,4,'A',4,'2019-12-27 18:04:48',NULL,NULL),(113,42,'511.111.002','',150.00,0.00,1,11,153,4,'A',4,'2019-12-27 18:08:52',NULL,NULL),(114,42,'511.111.003','',70.00,0.00,1,11,153,4,'A',4,'2019-12-27 18:08:52',NULL,NULL),(115,42,'511.111.005','',50.00,0.00,1,11,153,4,'A',4,'2019-12-27 18:08:52',NULL,NULL),(116,42,'612.114.009','',0.00,27.00,1,4,153,4,'A',4,'2019-12-27 18:08:52',NULL,NULL),(117,43,'612.111.007','',500000.00,0.00,1,11,153,4,'A',4,'2020-01-02 11:20:01',NULL,NULL),(118,44,'612.111.007','',500.00,0.00,1,11,153,4,'A',4,'2020-01-02 14:18:18',NULL,NULL),(119,45,'612.111.007','',500000.00,0.00,1,11,153,2,'A',4,'2020-01-03 09:41:29',NULL,NULL),(120,46,'612.111.007','',100000.00,0.00,1,11,153,2,'A',4,'2020-01-03 10:21:51',NULL,NULL),(121,47,'611.111.003','',25000.00,0.00,1,11,153,2,'A',4,'2020-01-03 10:22:50',NULL,NULL),(122,48,'612.111.007','TAMBAHAN BIAYA PENGIRIMAN',500000.00,0.00,1,11,161,2,'A',4,'2020-01-03 11:03:33',NULL,NULL),(123,49,'612.111.007','TAMBAHAN BIAYA PENGIRIMAN DALAM KOTA',500000.00,0.00,1,11,153,2,'A',4,'2020-01-03 13:56:31',NULL,NULL),(124,50,'612.111.007','INCLUDE UANG BENSIN DAN TOL',1000000.00,0.00,1,11,153,5,'A',4,'2020-01-06 10:01:21',NULL,NULL),(125,50,'611.111.003','',400000.00,0.00,1,11,153,5,'A',4,'2020-01-06 10:01:21',NULL,NULL),(126,51,'612.111.007','',500000.00,0.00,1,11,159,5,'A',4,'2020-01-06 16:47:12',NULL,NULL),(127,52,'612.111.007','',500000.00,0.00,1,11,153,5,'A',4,'2020-01-07 11:17:42',NULL,NULL),(128,53,'612.111.007','',500000.00,0.00,1,11,161,5,'A',4,'2020-01-07 14:07:30',NULL,NULL);

/*Table structure for table `trpurchaserequest` */

DROP TABLE IF EXISTS `trpurchaserequest`;

CREATE TABLE `trpurchaserequest` (
  `fin_pr_id` int(11) NOT NULL AUTO_INCREMENT,
  `fst_pr_no` varchar(25) DEFAULT NULL,
  `fdt_pr_datetime` datetime DEFAULT NULL,
  `fst_memo` text DEFAULT NULL,
  `fin_req_department_id` int(11) DEFAULT NULL,
  `fdt_publish_datetime` datetime DEFAULT NULL,
  `fst_active` enum('A','S','D') DEFAULT NULL,
  `fin_insert_id` int(11) DEFAULT NULL,
  `fdt_insert_datetime` datetime DEFAULT NULL,
  `fin_update_id` int(11) DEFAULT NULL,
  `fdt_update_datetime` datetime DEFAULT NULL,
  PRIMARY KEY (`fin_pr_id`)
) ENGINE=InnoDB AUTO_INCREMENT=5 DEFAULT CHARSET=latin1;

/*Data for the table `trpurchaserequest` */

insert  into `trpurchaserequest`(`fin_pr_id`,`fst_pr_no`,`fdt_pr_datetime`,`fst_memo`,`fin_req_department_id`,`fdt_publish_datetime`,`fst_active`,`fin_insert_id`,`fdt_insert_datetime`,`fin_update_id`,`fdt_update_datetime`) values (3,'PRQ/JKT/2020/01/00001','2020-01-22 16:54:44','test',1,'2020-01-24 10:27:43','D',12,'2020-01-22 17:58:36',12,'2020-01-23 12:15:16'),(4,'PRQ/JKT/2020/01/00002','2020-01-23 14:19:38','test header',1,'2020-01-24 10:27:45','A',12,'2020-01-23 14:21:01',NULL,NULL);

/*Table structure for table `trpurchaserequestitems` */

DROP TABLE IF EXISTS `trpurchaserequestitems`;

CREATE TABLE `trpurchaserequestitems` (
  `fin_rec_id` int(11) NOT NULL AUTO_INCREMENT,
  `fin_pr_id` int(11) DEFAULT NULL,
  `fin_item_id` int(11) DEFAULT NULL,
  `fst_unit` varchar(100) DEFAULT NULL,
  `fdb_qty_req` double(12,2) DEFAULT NULL,
  `fdb_qty_process` double(12,2) DEFAULT NULL,
  `fdb_qty_distribute` double(12,2) DEFAULT NULL,
  `fin_process_id` int(11) DEFAULT NULL COMMENT 'Setiap kali order di proses untuk menjadikan PO oleh bagian purchasing akan di generate process id baru',
  `fin_po_id` int(11) DEFAULT NULL COMMENT 'id PO',
  `fdt_process_datetime` datetime DEFAULT NULL,
  `fdt_distribute_datetime` datetime DEFAULT NULL,
  `fdt_etd` date DEFAULT NULL COMMENT 'Expected Target Date, kapan diharapkan barang ini akan di terima',
  `fst_memo` text DEFAULT NULL,
  `fst_active` enum('A','S','D') DEFAULT NULL,
  `fin_insert_id` int(11) DEFAULT NULL,
  `fdt_insert_datetime` datetime DEFAULT NULL,
  `fin_update_id` int(11) DEFAULT NULL,
  `fdt_update_datetime` datetime DEFAULT NULL,
  PRIMARY KEY (`fin_rec_id`)
) ENGINE=InnoDB AUTO_INCREMENT=10 DEFAULT CHARSET=latin1;

/*Data for the table `trpurchaserequestitems` */

insert  into `trpurchaserequestitems`(`fin_rec_id`,`fin_pr_id`,`fin_item_id`,`fst_unit`,`fdb_qty_req`,`fdb_qty_process`,`fdb_qty_distribute`,`fin_process_id`,`fin_po_id`,`fdt_process_datetime`,`fdt_distribute_datetime`,`fdt_etd`,`fst_memo`,`fst_active`,`fin_insert_id`,`fdt_insert_datetime`,`fin_update_id`,`fdt_update_datetime`) values (5,3,65,'TAB',10.00,10.00,NULL,2147483647,NULL,NULL,NULL,'2020-01-22','asdasasdasdasd1','D',12,'2020-01-23 12:15:16',NULL,NULL),(6,3,185,'PCS',12.00,NULL,NULL,NULL,NULL,NULL,NULL,'2020-02-04','asdasdasd2','D',12,'2020-01-23 12:15:16',NULL,NULL),(7,4,65,'CTN',20.00,20.00,NULL,311446912,85,NULL,NULL,'2020-01-28','1111','A',12,'2020-01-23 14:21:01',NULL,NULL),(8,4,64,'PCS',30.00,30.00,NULL,311446912,85,NULL,NULL,'2020-01-28','22222','A',12,'2020-01-23 14:21:01',NULL,NULL),(9,4,69,'PCS',1.00,1.00,NULL,311446912,85,NULL,NULL,'2020-01-31','33333','A',12,'2020-01-23 14:21:01',NULL,NULL);

/*Table structure for table `trpurchasereturn` */

DROP TABLE IF EXISTS `trpurchasereturn`;

CREATE TABLE `trpurchasereturn` (
  `fin_purchasereturn_id` int(11) NOT NULL AUTO_INCREMENT,
  `fbl_is_import` tinyint(1) DEFAULT 1,
  `fst_purchasereturn_no` varchar(25) DEFAULT NULL,
  `fdt_purchasereturn_datetime` datetime DEFAULT NULL,
  `fin_supplier_id` int(11) DEFAULT NULL,
  `fbl_non_faktur` tinyint(1) DEFAULT 0,
  `fin_lpbpurchase_id` int(11) DEFAULT NULL,
  `fst_curr_code` varchar(10) DEFAULT NULL,
  `fdc_exchange_rate_idr` decimal(12,2) DEFAULT 1.00,
  `fin_warehouse_id` int(11) DEFAULT NULL,
  `fdc_subttl` decimal(12,2) DEFAULT 0.00,
  `fdc_disc_amount` decimal(12,2) DEFAULT 0.00,
  `fdc_ppn_percent` decimal(12,2) DEFAULT 0.00,
  `fdc_ppn_amount` decimal(12,2) DEFAULT 0.00,
  `fdc_total` decimal(12,2) DEFAULT 0.00,
  `fdc_total_claimed` decimal(12,2) DEFAULT 0.00,
  `fst_memo` text DEFAULT NULL,
  `fin_branch_id` int(11) DEFAULT NULL,
  `fbl_is_closed` tinyint(4) DEFAULT 0 COMMENT 'Semua barang sudah di keluarkan di bagian gudang',
  `fdt_closed_datetime` datetime DEFAULT NULL,
  `fst_closed_notes` text DEFAULT NULL,
  `fst_active` enum('A','S','D') DEFAULT NULL,
  `fin_insert_id` int(11) DEFAULT NULL,
  `fdt_insert_datetime` datetime DEFAULT NULL,
  `fin_update_id` int(11) DEFAULT NULL,
  `fdt_update_datetime` datetime DEFAULT NULL,
  PRIMARY KEY (`fin_purchasereturn_id`)
) ENGINE=InnoDB AUTO_INCREMENT=41 DEFAULT CHARSET=latin1;

/*Data for the table `trpurchasereturn` */

insert  into `trpurchasereturn`(`fin_purchasereturn_id`,`fbl_is_import`,`fst_purchasereturn_no`,`fdt_purchasereturn_datetime`,`fin_supplier_id`,`fbl_non_faktur`,`fin_lpbpurchase_id`,`fst_curr_code`,`fdc_exchange_rate_idr`,`fin_warehouse_id`,`fdc_subttl`,`fdc_disc_amount`,`fdc_ppn_percent`,`fdc_ppn_amount`,`fdc_total`,`fdc_total_claimed`,`fst_memo`,`fin_branch_id`,`fbl_is_closed`,`fdt_closed_datetime`,`fst_closed_notes`,`fst_active`,`fin_insert_id`,`fdt_insert_datetime`,`fin_update_id`,`fdt_update_datetime`) values (23,0,'PRT/JKT/2019/12/00001','2019-12-27 15:10:29',150,0,42,'IDR',1.00,NULL,235000.00,23500.00,10.00,21150.00,232650.00,0.00,'',1,1,'2019-12-27 15:15:12','AUTO - 2019-12-27 15:15:12','A',4,'2019-12-27 15:12:04',NULL,NULL),(24,0,'PRT/JKT/2019/12/00002','2019-12-27 15:51:11',149,0,43,'IDR',1.00,NULL,490000.00,49000.00,10.00,44100.00,485100.00,0.00,'PO/JKT/2019/12/00007',1,1,'2019-12-27 15:58:15','AUTO - 2019-12-27 15:58:15','A',4,'2019-12-27 15:52:45',NULL,NULL),(25,0,'PRT/JKT/2019/12/00003','2019-12-27 16:09:50',151,0,44,'IDR',1.00,NULL,12500.00,2500.00,10.00,1000.00,11000.00,0.00,'KERTAS BARCODE RUSAK',1,1,'2019-12-27 16:11:41','AUTO - 2019-12-27 16:11:41','A',4,'2019-12-27 16:10:41',NULL,NULL),(26,0,'PRT/JKT/2019/12/00004','2019-12-27 16:33:57',152,0,45,'IDR',1.00,NULL,650000.00,65000.00,10.00,58500.00,643500.00,0.00,'GREEBEL STATIONERY SET 2-7019 + 120630 + 102 RUSAK',1,1,'2019-12-27 16:36:35','AUTO - 2019-12-27 16:36:35','A',4,'2019-12-27 16:35:02',NULL,NULL),(27,0,'PRT/JKT/2019/12/00005','2019-12-27 17:03:31',153,0,46,'IDR',1.00,NULL,300000.00,30000.00,10.00,27000.00,297000.00,0.00,'GREEBEL PAKET UJIAN PINTAR RUSAK',1,1,'2019-12-27 17:05:51','AUTO - 2019-12-27 17:05:51','A',4,'2019-12-27 17:04:59',NULL,NULL),(28,0,'PRT/JKT/2019/12/00006','2019-12-27 18:09:16',159,0,47,'IDR',1.00,NULL,125000.00,12500.00,10.00,11250.00,123750.00,0.00,'RUSAK',1,1,'2019-12-27 18:12:19','AUTO - 2019-12-27 18:12:19','A',4,'2019-12-27 18:10:20',NULL,NULL),(29,1,'PRT/JKT/2019/12/00007','2019-12-27 18:10:22',159,0,48,'USD',14250.00,NULL,100.00,5.00,10.00,9.50,104.50,0.00,'RUSAK + PATAH',1,1,'2019-12-27 18:12:57','AUTO - 2019-12-27 18:12:57','A',4,'2019-12-27 18:11:21',NULL,NULL),(30,0,'PRT/JKT/2020/01/00001','2020-01-02 11:22:42',150,0,49,'IDR',1.00,NULL,40000.00,4000.00,10.00,3600.00,39600.00,0.00,'',1,1,'2020-01-02 11:24:06','AUTO - 2020-01-02 11:24:06','A',4,'2020-01-02 11:23:05',NULL,NULL),(31,0,'PRT/JKT/2020/01/00002','2020-01-02 14:18:38',149,0,50,'IDR',1.00,NULL,20.00,0.00,10.00,2.00,22.00,0.00,'SOBEK',1,1,'2020-01-02 14:19:57','AUTO - 2020-01-02 14:19:57','A',4,'2020-01-02 14:19:08',NULL,NULL),(32,0,'PRT/JKT/2020/01/00003','2020-01-03 09:41:54',152,0,51,'IDR',1.00,NULL,115000.00,11500.00,10.00,10350.00,113850.00,0.00,'REJECT',1,1,'2020-01-03 09:44:13','AUTO - 2020-01-03 09:44:13','A',4,'2020-01-03 09:42:56',NULL,NULL),(33,0,'PRT/JKT/2020/01/00004','2020-01-03 10:26:28',150,0,52,'IDR',1.00,NULL,10000.00,1000.00,10.00,900.00,9900.00,0.00,'GA ADA YANG RETUR \r\nTERNYATA GA BISA, HARUS ADA YANG RETUR',1,1,'2020-01-03 10:34:41','AUTO - 2020-01-03 10:34:50','A',4,'2020-01-03 10:27:06',4,'2020-01-03 10:32:55'),(34,0,'PRT/JKT/2020/01/00005','2020-01-03 10:27:08',150,0,53,'IDR',1.00,NULL,20000.00,2000.00,10.00,1800.00,19800.00,0.00,'GA ADA YANG RETUR \r\nGA BISA, HARUS ADA RETUR',1,1,'2020-01-03 10:35:09','AUTO - 2020-01-03 10:35:18','A',4,'2020-01-03 10:27:33',4,'2020-01-03 10:33:51'),(35,0,'PRT/JKT/2020/01/00006','2020-01-03 11:09:03',151,0,54,'IDR',1.00,NULL,20000.00,2000.00,10.00,1800.00,19800.00,0.00,'REJECT',1,1,'2020-01-03 11:10:44','AUTO - 2020-01-03 11:10:52','A',4,'2020-01-03 11:09:41',NULL,NULL),(36,0,'PRT/JKT/2020/01/00007','2020-01-03 13:57:28',149,0,55,'IDR',1.00,NULL,50000.00,5000.00,10.00,4500.00,49500.00,0.00,'PO/JKT/2020/01/00007',1,1,'2020-01-03 14:01:07','AUTO - 2020-01-03 14:01:07','A',4,'2020-01-03 13:58:51',NULL,NULL),(37,0,'PRT/JKT/2020/01/00008','2020-01-06 10:01:53',150,0,56,'IDR',1.00,NULL,176000.00,0.00,10.00,17600.00,193600.00,0.00,'HANYA 2 YANG RUSAK',1,1,'2020-01-06 10:04:08','AUTO - 2020-01-06 10:04:08','A',4,'2020-01-06 10:02:29',NULL,NULL),(38,0,'PRT/JKT/2020/01/00009','2020-01-06 16:47:37',149,0,57,'IDR',1.00,NULL,30000.00,3000.00,10.00,2700.00,29700.00,0.00,'',1,1,'2020-01-06 16:48:39','AUTO - 2020-01-06 16:48:39','A',4,'2020-01-06 16:47:56',NULL,NULL),(39,0,'PRT/JKT/2020/01/00010','2020-01-07 11:21:07',151,0,58,'IDR',1.00,NULL,15000.00,0.00,10.00,1500.00,16500.00,0.00,'',1,1,'2020-01-07 11:21:59','AUTO - 2020-01-07 11:21:59','A',4,'2020-01-07 11:21:24',NULL,NULL),(40,0,'PRT/JKT/2020/01/00011','2020-01-07 14:29:18',150,0,59,'IDR',1.00,NULL,85000.00,0.00,10.00,8500.00,93500.00,0.00,'',1,1,'2020-01-07 14:32:31','AUTO - 2020-01-07 14:32:31','A',4,'2020-01-07 14:30:05',NULL,NULL);

/*Table structure for table `trpurchasereturnitems` */

DROP TABLE IF EXISTS `trpurchasereturnitems`;

CREATE TABLE `trpurchasereturnitems` (
  `fin_rec_id` int(11) NOT NULL AUTO_INCREMENT,
  `fin_purchasereturn_id` int(11) DEFAULT NULL,
  `fin_item_id` int(11) DEFAULT NULL,
  `fst_custom_item_name` varchar(100) DEFAULT NULL,
  `fdb_qty` double(12,2) DEFAULT 0.00,
  `fdb_qty_out` double(12,2) DEFAULT 0.00 COMMENT 'Qty yang sudah di keluarkan bagian gudang',
  `fst_unit` varchar(100) DEFAULT NULL,
  `fdc_price` decimal(12,2) DEFAULT 0.00,
  `fst_disc_item` varchar(100) DEFAULT NULL,
  `fdc_disc_amount` decimal(12,2) DEFAULT 0.00,
  `fdc_disc_amount_per_item` decimal(12,2) DEFAULT 0.00,
  `fst_notes` text DEFAULT NULL,
  `fst_active` enum('A','S','D') DEFAULT NULL,
  `fin_insert_id` int(11) DEFAULT NULL,
  `fdt_insert_datetime` datetime DEFAULT NULL,
  `fin_update_id` int(11) DEFAULT NULL,
  `fdt_update_datetime` datetime DEFAULT NULL,
  PRIMARY KEY (`fin_rec_id`)
) ENGINE=InnoDB AUTO_INCREMENT=162 DEFAULT CHARSET=latin1;

/*Data for the table `trpurchasereturnitems` */

insert  into `trpurchasereturnitems`(`fin_rec_id`,`fin_purchasereturn_id`,`fin_item_id`,`fst_custom_item_name`,`fdb_qty`,`fdb_qty_out`,`fst_unit`,`fdc_price`,`fst_disc_item`,`fdc_disc_amount`,`fdc_disc_amount_per_item`,`fst_notes`,`fst_active`,`fin_insert_id`,`fdt_insert_datetime`,`fin_update_id`,`fdt_update_datetime`) values (72,23,70,'GREEBEL OIL PASTEL PP - 24C - 2',2.00,2.00,'SET',15000.00,'10',0.00,1500.00,NULL,'A',4,'2019-12-27 15:12:04',NULL,NULL),(73,23,71,'GREEBEL SHARPENER 103 (COLOR BOX)',2.00,2.00,'PCS',18000.00,'10',0.00,1800.00,NULL,'A',4,'2019-12-27 15:12:04',NULL,NULL),(74,23,72,'MASTER BOX GREEBEL GUNTING GB-SC-02',2.00,2.00,'PCS',12000.00,'10',0.00,1200.00,NULL,'A',4,'2019-12-27 15:12:04',NULL,NULL),(75,23,73,'GREEBEL 7018 PENCIL 2B (PER PCS)',2.00,2.00,'PCS',5000.00,'10',0.00,500.00,NULL,'A',4,'2019-12-27 15:12:04',NULL,NULL),(76,23,80,'PENCIL CASE PAKET UJIAN',2.00,2.00,'PCS',20000.00,'10',0.00,2000.00,NULL,'A',4,'2019-12-27 15:12:04',NULL,NULL),(77,23,81,'GREEBEL SHARPENER 102 (JAR)',2.00,2.00,'PCS',15000.00,'10',0.00,1500.00,NULL,'A',4,'2019-12-27 15:12:04',NULL,NULL),(78,23,82,'GREEBEL ERASER GBW-120630',2.00,2.00,'PCS',12500.00,'10',0.00,1250.00,NULL,'A',4,'2019-12-27 15:12:04',NULL,NULL),(79,23,83,'PENGGARIS GB PELITA MAS',2.00,2.00,'PCS',10000.00,'10',0.00,1000.00,NULL,'A',4,'2019-12-27 15:12:04',NULL,NULL),(80,23,84,'RING CLIP BOARD GREEBEL',2.00,2.00,'PCS',5000.00,'10',0.00,500.00,NULL,'A',4,'2019-12-27 15:12:04',NULL,NULL),(81,23,85,'NAIL 3,8X8X8MM',2.00,2.00,'PCS',5000.00,'10',0.00,500.00,NULL,'A',4,'2019-12-27 15:12:04',NULL,NULL),(82,24,62,'GREEBEL 7018 PENCIL 2B (12 PCS/SET)',0.00,0.00,'SET',20000.00,'10',0.00,2000.00,NULL,'A',4,'2019-12-27 15:52:45',NULL,NULL),(83,24,63,'GREEBEL 3736 PENCIL SUPER LEAD',0.00,0.00,'SET',10000.00,'10',0.00,1000.00,NULL,'A',4,'2019-12-27 15:52:45',NULL,NULL),(84,24,64,'GREEBEL PENCIL BAG MICA 2520',0.00,0.00,'PCS',15000.00,'10',0.00,1500.00,NULL,'A',4,'2019-12-27 15:52:45',NULL,NULL),(85,24,65,'CRAYON TABUNG ZC 012',0.00,0.00,'TAB',15000.00,'10',0.00,1500.00,NULL,'A',4,'2019-12-27 15:52:45',NULL,NULL),(86,24,67,'GREEBEL WATER GLUE 35 ML',2.00,2.00,'BOX',245000.00,'10',0.00,24500.00,NULL,'A',4,'2019-12-27 15:52:45',NULL,NULL),(87,24,68,'GREEBEL PAKET UJIAN PINTAR',0.00,0.00,'SET',30000.00,'10',0.00,3000.00,NULL,'A',4,'2019-12-27 15:52:45',NULL,NULL),(88,25,86,'GREEBEL STATIONERY 4 IN 1',0.00,0.00,'SET',50000.00,'10',0.00,5000.00,NULL,'A',4,'2019-12-27 16:10:41',NULL,NULL),(89,25,87,'GREEBEL SHARPENER 102 (5000 PCS/CTN)',0.00,0.00,'CTN',625000.00,'10',0.00,62500.00,NULL,'A',4,'2019-12-27 16:10:41',NULL,NULL),(90,25,88,'GREEBEL ERASER GBW-120640',0.00,0.00,'PCS',10000.00,'10',0.00,1000.00,NULL,'A',4,'2019-12-27 16:10:41',NULL,NULL),(91,25,90,'KERTAS BARCODE',25.00,25.00,'PCS',500.00,'20',0.00,100.00,NULL,'A',4,'2019-12-27 16:10:41',NULL,NULL),(92,25,91,'GREEBEL GLUE STICK 8G - 2 PCS/SET',0.00,0.00,'SET',15000.00,'10',0.00,1500.00,NULL,'A',4,'2019-12-27 16:10:41',NULL,NULL),(93,25,92,'GREEBEL GLUE STICK 8G',0.00,0.00,'PCS',8000.00,'10',0.00,800.00,NULL,'A',4,'2019-12-27 16:10:41',NULL,NULL),(94,25,94,'GREEBEL PAKET TAB 2017',0.00,0.00,'SET',45000.00,'10',0.00,4500.00,NULL,'A',4,'2019-12-27 16:10:41',NULL,NULL),(95,26,95,'GREEBEL OIL PASTEL PP - 12C',0.00,0.00,'SET',50000.00,'10',0.00,5000.00,NULL,'A',4,'2019-12-27 16:35:02',NULL,NULL),(96,26,96,'GREEBEL ERASER GBB-141820',0.00,0.00,'PCS',10000.00,'10',0.00,1000.00,NULL,'A',4,'2019-12-27 16:35:02',NULL,NULL),(97,26,97,'GREEBEL GLUE STICK 21G',0.00,0.00,'PCS',20000.00,'10',0.00,2000.00,NULL,'A',4,'2019-12-27 16:35:02',NULL,NULL),(98,26,98,'GREEBEL 7206 PENCIL BI COLOR',0.00,0.00,'SET',12000.00,'10',0.00,1200.00,NULL,'A',4,'2019-12-27 16:35:02',NULL,NULL),(99,26,104,'PENCIL LEAD OM-11 BLACK',0.00,0.00,'GRS',14000.00,'10',0.00,1400.00,NULL,'A',4,'2019-12-27 16:35:02',NULL,NULL),(100,26,174,'GREEBEL STATIONERY SET 2-7019 + 120630 + 102',10.00,10.00,'SET',65000.00,'10',0.00,6500.00,NULL,'A',4,'2019-12-27 16:35:02',NULL,NULL),(101,26,187,'GREEBEL 7026 HB HEXAGONAL PENCIL (PER PCS)',0.00,0.00,'PCS',10000.00,'10',0.00,1000.00,NULL,'A',4,'2019-12-27 16:35:02',NULL,NULL),(102,26,191,'GREEBEL 6712 - 3.7 MM WATER COLOUR PENCIL',0.00,0.00,'SET',15000.00,'10',0.00,1500.00,NULL,'A',4,'2019-12-27 16:35:02',NULL,NULL),(103,27,62,'GREEBEL 7018 PENCIL 2B (12 PCS/SET)',0.00,0.00,'SET',20000.00,'10',0.00,2000.00,NULL,'A',4,'2019-12-27 17:04:59',NULL,NULL),(104,27,63,'GREEBEL 3736 PENCIL SUPER LEAD',0.00,0.00,'SET',10000.00,'10',0.00,1000.00,NULL,'A',4,'2019-12-27 17:04:59',NULL,NULL),(105,27,64,'GREEBEL PENCIL BAG MICA 2520',0.00,0.00,'PCS',15000.00,'10',0.00,1500.00,NULL,'A',4,'2019-12-27 17:04:59',NULL,NULL),(106,27,65,'CRAYON TABUNG ZC 012',0.00,0.00,'TAB',15000.00,'10',0.00,1500.00,NULL,'A',4,'2019-12-27 17:04:59',NULL,NULL),(107,27,68,'GREEBEL PAKET UJIAN PINTAR',10.00,10.00,'SET',30000.00,'10',0.00,3000.00,NULL,'A',4,'2019-12-27 17:04:59',NULL,NULL),(108,27,70,'GREEBEL OIL PASTEL PP - 24C - 2',0.00,0.00,'SET',15000.00,'10',0.00,1500.00,NULL,'A',4,'2019-12-27 17:04:59',NULL,NULL),(109,27,71,'GREEBEL SHARPENER 103 (COLOR BOX)',0.00,0.00,'PCS',18000.00,'10',0.00,1800.00,NULL,'A',4,'2019-12-27 17:04:59',NULL,NULL),(110,27,72,'MASTER BOX GREEBEL GUNTING GB-SC-02',0.00,0.00,'PCS',12000.00,'10',0.00,1200.00,NULL,'A',4,'2019-12-27 17:04:59',NULL,NULL),(111,27,73,'GREEBEL 7018 PENCIL 2B (PER PCS)',0.00,0.00,'PCS',5000.00,'10',0.00,500.00,NULL,'A',4,'2019-12-27 17:04:59',NULL,NULL),(112,27,80,'PENCIL CASE PAKET UJIAN',0.00,0.00,'PCS',20000.00,'10',0.00,2000.00,NULL,'A',4,'2019-12-27 17:04:59',NULL,NULL),(113,28,81,'GREEBEL SHARPENER 102 (JAR)',0.00,0.00,'PCS',15000.00,'10',0.00,1500.00,NULL,'A',4,'2019-12-27 18:10:20',NULL,NULL),(114,28,82,'GREEBEL ERASER GBW-120630',2.00,2.00,'PCS',12500.00,'10',0.00,1250.00,NULL,'A',4,'2019-12-27 18:10:20',NULL,NULL),(115,28,83,'PENGGARIS GB PELITA MAS',0.00,0.00,'PCS',10000.00,'10',0.00,1000.00,NULL,'A',4,'2019-12-27 18:10:20',NULL,NULL),(116,28,84,'RING CLIP BOARD GREEBEL',0.00,0.00,'PCS',5000.00,'10',0.00,500.00,NULL,'A',4,'2019-12-27 18:10:20',NULL,NULL),(117,28,86,'GREEBEL STATIONERY 4 IN 1',2.00,2.00,'SET',50000.00,'10',0.00,5000.00,NULL,'A',4,'2019-12-27 18:10:20',NULL,NULL),(118,28,88,'GREEBEL ERASER GBW-120640',0.00,0.00,'PCS',10000.00,'10',0.00,1000.00,NULL,'A',4,'2019-12-27 18:10:20',NULL,NULL),(119,28,91,'GREEBEL GLUE STICK 8G - 2 PCS/SET',0.00,0.00,'SET',15000.00,'10',0.00,1500.00,NULL,'A',4,'2019-12-27 18:10:20',NULL,NULL),(120,28,94,'GREEBEL PAKET TAB 2017',0.00,0.00,'SET',45000.00,'10',0.00,4500.00,NULL,'A',4,'2019-12-27 18:10:20',NULL,NULL),(121,29,62,'GREEBEL 7018 PENCIL 2B (12 PCS/SET)',0.00,0.00,'SET',10.00,'5',0.00,0.50,NULL,'A',4,'2019-12-27 18:11:21',NULL,NULL),(122,29,64,'GREEBEL PENCIL BAG MICA 2520',0.00,0.00,'PCS',15.00,'5',0.00,0.75,NULL,'A',4,'2019-12-27 18:11:21',NULL,NULL),(123,29,107,'GREEBEL 7018 2 PCS + ERASER GBB-141240 2 PCS',10.00,10.00,'SET',10.00,'5',0.00,0.50,NULL,'A',4,'2019-12-27 18:11:21',NULL,NULL),(124,30,186,'CORRECTION PEN W 004',2.00,2.00,'LSN',20000.00,'10',0.00,2000.00,NULL,'A',4,'2020-01-02 11:23:05',NULL,NULL),(125,31,101,'COLOURING BOOK NOT FOR SALE',2.00,2.00,'PCS',10.00,'0',0.00,0.00,NULL,'A',4,'2020-01-02 14:19:08',NULL,NULL),(126,32,68,'GREEBEL PAKET UJIAN PINTAR',1.00,1.00,'SET',30000.00,'10',0.00,3000.00,NULL,'A',4,'2020-01-03 09:42:56',NULL,NULL),(127,32,94,'GREEBEL PAKET TAB 2017',1.00,1.00,'SET',45000.00,'10',0.00,4500.00,NULL,'A',4,'2020-01-03 09:42:56',NULL,NULL),(128,32,107,'GREEBEL 7018 2 PCS + ERASER GBB-141240 2 PCS',1.00,1.00,'SET',20000.00,'10',0.00,2000.00,NULL,'A',4,'2020-01-03 09:42:56',NULL,NULL),(129,32,186,'CORRECTION PEN W 004',1.00,1.00,'LSN',20000.00,'10',0.00,2000.00,NULL,'A',4,'2020-01-03 09:42:56',NULL,NULL),(141,33,70,'GREEBEL OIL PASTEL PP - 24C - 2',0.00,0.00,'SET',15000.00,'10',0.00,1500.00,NULL,'A',4,'2020-01-03 10:32:55',NULL,NULL),(142,33,71,'GREEBEL SHARPENER 103 (COLOR BOX)',0.00,0.00,'PCS',18000.00,'10',0.00,1800.00,NULL,'A',4,'2020-01-03 10:32:55',NULL,NULL),(143,33,72,'MASTER BOX GREEBEL GUNTING GB-SC-02',0.00,0.00,'PCS',12000.00,'10',0.00,1200.00,NULL,'A',4,'2020-01-03 10:32:55',NULL,NULL),(144,33,73,'GREEBEL 7018 PENCIL 2B (PER PCS)',0.00,0.00,'PCS',5000.00,'10',0.00,500.00,NULL,'A',4,'2020-01-03 10:32:55',NULL,NULL),(145,33,80,'PENCIL CASE PAKET UJIAN',0.00,0.00,'PCS',20000.00,'10',0.00,2000.00,NULL,'A',4,'2020-01-03 10:32:55',NULL,NULL),(146,33,81,'GREEBEL SHARPENER 102 (JAR)',0.00,0.00,'PCS',15000.00,'10',0.00,1500.00,NULL,'A',4,'2020-01-03 10:32:55',NULL,NULL),(147,33,82,'GREEBEL ERASER GBW-120630',0.00,0.00,'PCS',12500.00,'10',0.00,1250.00,NULL,'A',4,'2020-01-03 10:32:55',NULL,NULL),(148,33,83,'PENGGARIS GB PELITA MAS',0.00,0.00,'PCS',10000.00,'10',0.00,1000.00,NULL,'A',4,'2020-01-03 10:32:55',NULL,NULL),(149,33,84,'RING CLIP BOARD GREEBEL',1.00,1.00,'PCS',5000.00,'10',0.00,500.00,NULL,'A',4,'2020-01-03 10:32:55',NULL,NULL),(150,33,85,'NAIL 3,8X8X8MM',1.00,1.00,'PCS',5000.00,'10',0.00,500.00,NULL,'A',4,'2020-01-03 10:32:55',NULL,NULL),(151,34,186,'CORRECTION PEN W 004',1.00,1.00,'LSN',20000.00,'10',0.00,2000.00,NULL,'A',4,'2020-01-03 10:33:52',NULL,NULL),(152,35,64,'GREEBEL PENCIL BAG MICA 2520',1.00,1.00,'PCS',20000.00,'10',0.00,2000.00,NULL,'A',4,'2020-01-03 11:09:41',NULL,NULL),(153,35,69,'PAPAN UJIAN A4 BIRU',0.00,0.00,'PCS',25000.00,'10',0.00,2500.00,NULL,'A',4,'2020-01-03 11:09:42',NULL,NULL),(154,35,90,'KERTAS BARCODE',0.00,0.00,'PCS',500.00,'10',0.00,50.00,NULL,'A',4,'2020-01-03 11:09:42',NULL,NULL),(155,36,177,'GREEBEL BALLPEN TECHNOLINE 0.5 BLACK',2.00,2.00,'PCS',25000.00,'10',0.00,2500.00,NULL,'A',4,'2020-01-03 13:58:51',NULL,NULL),(156,37,118,'GREEBEL ARTIST OIL PASTEL 36C',2.00,2.00,'SET',88000.00,'0',0.00,0.00,NULL,'A',4,'2020-01-06 10:02:29',NULL,NULL),(157,38,98,'GREEBEL 7206 PENCIL BI COLOR',1.00,1.00,'SET',30000.00,'10',0.00,3000.00,NULL,'A',4,'2020-01-06 16:47:56',NULL,NULL),(158,38,175,'GREEBEL 7019 PENCIL 2B (PER PCS)',0.00,0.00,'PCS',5000.00,'10',0.00,500.00,NULL,'A',4,'2020-01-06 16:47:56',NULL,NULL),(159,39,191,'GREEBEL 6712 - 3.7 MM WATER COLOUR PENCIL',1.00,1.00,'SET',15000.00,'0',0.00,0.00,NULL,'A',4,'2020-01-07 11:21:24',NULL,NULL),(160,40,174,'GREEBEL STATIONERY SET 2-7019 + 120630 + 102',1.00,1.00,'SET',65000.00,'0',0.00,0.00,NULL,'A',4,'2020-01-07 14:30:05',NULL,NULL),(161,40,181,'GREEBEL SHARPENER 102 (2PCS/PACK)',1.00,1.00,'PACK',20000.00,'0',0.00,0.00,NULL,'A',4,'2020-01-07 14:30:05',NULL,NULL);

/*Table structure for table `trsalesekspedisi` */

DROP TABLE IF EXISTS `trsalesekspedisi`;

CREATE TABLE `trsalesekspedisi` (
  `fin_salesekspedisi_id` int(11) NOT NULL AUTO_INCREMENT,
  `fst_salesekspedisi_no` varchar(25) DEFAULT NULL,
  `fdt_salesekspedisi_datetime` datetime DEFAULT NULL,
  `fst_no_referensi` varchar(100) DEFAULT NULL,
  `fin_customer_id` int(11) DEFAULT NULL,
  `fin_supplier_id` int(11) DEFAULT NULL,
  `fbl_reclaimable` tinyint(4) DEFAULT NULL,
  `fin_shipping_address_id` int(11) DEFAULT NULL,
  `fst_curr_code` varchar(10) NOT NULL,
  `fdc_exchange_rate_idr` decimal(12,2) DEFAULT 1.00,
  `fdb_qty` double(12,2) DEFAULT 0.00 COMMENT 'qty kodi\n',
  `fdc_price` decimal(12,2) DEFAULT 0.00 COMMENT 'Biaya kirim per kodi',
  `fdc_ppn_percent` decimal(12,2) DEFAULT 0.00,
  `fdc_ppn_amount` decimal(12,2) DEFAULT 0.00,
  `fst_no_faktur_pajak` varchar(45) DEFAULT NULL COMMENT 'Bila ada nilai PPN no faktur pajak harus diisi\n',
  `fdc_other_cost` decimal(12,2) DEFAULT 0.00,
  `fdc_total` decimal(12,2) DEFAULT 0.00 COMMENT 'Total keselurahan in ppn dan other cost',
  `fdc_total_paid` decimal(12,2) DEFAULT 0.00,
  `fdc_total_claimed` decimal(12,2) DEFAULT 0.00,
  `fst_memo` text DEFAULT NULL,
  `fin_branch_id` int(11) DEFAULT NULL,
  `fst_active` enum('A','S','D') DEFAULT NULL,
  `fin_insert_id` int(11) DEFAULT NULL,
  `fdt_insert_datetime` datetime DEFAULT NULL,
  `fin_update_id` int(11) DEFAULT NULL,
  `fdt_update_datetime` datetime DEFAULT NULL,
  PRIMARY KEY (`fin_salesekspedisi_id`)
) ENGINE=InnoDB AUTO_INCREMENT=9 DEFAULT CHARSET=latin1;

/*Data for the table `trsalesekspedisi` */

insert  into `trsalesekspedisi`(`fin_salesekspedisi_id`,`fst_salesekspedisi_no`,`fdt_salesekspedisi_datetime`,`fst_no_referensi`,`fin_customer_id`,`fin_supplier_id`,`fbl_reclaimable`,`fin_shipping_address_id`,`fst_curr_code`,`fdc_exchange_rate_idr`,`fdb_qty`,`fdc_price`,`fdc_ppn_percent`,`fdc_ppn_amount`,`fst_no_faktur_pajak`,`fdc_other_cost`,`fdc_total`,`fdc_total_paid`,`fdc_total_claimed`,`fst_memo`,`fin_branch_id`,`fst_active`,`fin_insert_id`,`fdt_insert_datetime`,`fin_update_id`,`fdt_update_datetime`) values (8,'EXP/JKT/2019/12/00001','2019-12-28 14:57:14','ref1234',157,149,1,104,'IDR',1.00,5.00,100000.00,10.00,50000.00,'111.1.1.1..1.1',50000.00,600000.00,0.00,0.00,NULL,1,'A',12,'2019-12-28 15:05:55',NULL,NULL);

/*Table structure for table `trsalesekspedisiitems` */

DROP TABLE IF EXISTS `trsalesekspedisiitems`;

CREATE TABLE `trsalesekspedisiitems` (
  `fin_rec_id` int(11) NOT NULL AUTO_INCREMENT,
  `fin_salesekspedisi_id` int(11) NOT NULL,
  `fin_sj_id` int(11) NOT NULL,
  `fst_active` enum('A','S','D') DEFAULT NULL,
  `fin_insert_id` int(11) DEFAULT NULL,
  `fdt_insert_datetime` datetime DEFAULT NULL,
  `fin_update_id` int(11) DEFAULT NULL,
  `fdt_update_datetime` datetime DEFAULT NULL,
  PRIMARY KEY (`fin_rec_id`)
) ENGINE=InnoDB AUTO_INCREMENT=9 DEFAULT CHARSET=latin1;

/*Data for the table `trsalesekspedisiitems` */

insert  into `trsalesekspedisiitems`(`fin_rec_id`,`fin_salesekspedisi_id`,`fin_sj_id`,`fst_active`,`fin_insert_id`,`fdt_insert_datetime`,`fin_update_id`,`fdt_update_datetime`) values (8,8,58,'A',12,'2019-12-28 15:05:55',NULL,NULL);

/*Table structure for table `trsalesreturn` */

DROP TABLE IF EXISTS `trsalesreturn`;

CREATE TABLE `trsalesreturn` (
  `fin_salesreturn_id` int(11) NOT NULL AUTO_INCREMENT,
  `fbl_is_import` tinyint(1) DEFAULT 1,
  `fst_salesreturn_no` varchar(25) DEFAULT NULL,
  `fdt_salesreturn_datetime` datetime DEFAULT NULL,
  `fin_customer_id` int(11) DEFAULT NULL,
  `fbl_non_faktur` tinyint(1) DEFAULT 0 COMMENT 'Bila flag fbl_non_faktur false, maka otomatis tagihan akan di potong di invoicenya, bisa true, maka harus di claim pada saat penerimaan kas bank dagang',
  `fin_inv_id` int(11) DEFAULT NULL,
  `fst_curr_code` varchar(10) DEFAULT NULL,
  `fdc_exchange_rate_idr` decimal(12,2) DEFAULT 1.00,
  `fdc_subttl` decimal(12,2) DEFAULT 0.00,
  `fdc_disc_amount` decimal(12,2) DEFAULT 0.00,
  `fdc_dpp_amount` decimal(12,2) DEFAULT NULL,
  `fdc_ppn_amount` decimal(12,2) DEFAULT 0.00,
  `fdc_total` decimal(12,2) DEFAULT 0.00,
  `fdc_total_claimed` decimal(12,2) DEFAULT 0.00 COMMENT 'bila fbl_non_faktur false, nilai ini langsung full terclaimed karena langsung mengurangi faktur(invoice)',
  `fst_memo` text DEFAULT NULL,
  `fin_branch_id` int(11) DEFAULT NULL,
  `fbl_is_closed` tinyint(4) DEFAULT 0 COMMENT 'closed bila semua barang terlah diterima di gudang, semua invoice yang status belum closed tidak bisa di proses pembayaran, demikian juga kalau berupa voucher tidak bisa di gunakan sampai status closed',
  `fdt_closed_datetime` datetime DEFAULT NULL,
  `fst_closed_notes` text DEFAULT NULL,
  `fst_active` enum('A','S','D') DEFAULT NULL,
  `fin_insert_id` int(11) DEFAULT NULL,
  `fdt_insert_datetime` datetime DEFAULT NULL,
  `fin_update_id` int(11) DEFAULT NULL,
  `fdt_update_datetime` datetime DEFAULT NULL,
  PRIMARY KEY (`fin_salesreturn_id`)
) ENGINE=InnoDB AUTO_INCREMENT=22 DEFAULT CHARSET=latin1;

/*Data for the table `trsalesreturn` */

insert  into `trsalesreturn`(`fin_salesreturn_id`,`fbl_is_import`,`fst_salesreturn_no`,`fdt_salesreturn_datetime`,`fin_customer_id`,`fbl_non_faktur`,`fin_inv_id`,`fst_curr_code`,`fdc_exchange_rate_idr`,`fdc_subttl`,`fdc_disc_amount`,`fdc_dpp_amount`,`fdc_ppn_amount`,`fdc_total`,`fdc_total_claimed`,`fst_memo`,`fin_branch_id`,`fbl_is_closed`,`fdt_closed_datetime`,`fst_closed_notes`,`fst_active`,`fin_insert_id`,`fdt_insert_datetime`,`fin_update_id`,`fdt_update_datetime`) values (7,1,'SRT/JKT/2019/12/00001','2019-12-27 16:45:49',154,0,NULL,'IDR',1.00,144600.00,0.00,144600.00,14460.00,159060.00,0.00,'ITEM RUSAK',1,1,'2019-12-27 16:47:36','AUTO - 2019-12-27 16:47:36','A',4,'2019-12-27 16:46:28',NULL,NULL),(8,1,'SRT/JKT/2019/12/00002','2019-12-27 17:33:36',157,0,NULL,'IDR',1.00,46000.00,0.00,46000.00,4600.00,50600.00,0.00,'RUSAK',1,1,'2019-12-27 17:36:09','AUTO - 2019-12-27 17:36:09','A',4,'2019-12-27 17:34:41',NULL,NULL),(9,1,'SRT/JKT/2020/01/00001','2020-01-02 10:57:52',160,0,NULL,'IDR',1.00,9000.00,0.00,9000.00,900.00,9900.00,0.00,'',1,1,'2020-01-02 11:02:07','AUTO - 2020-01-02 11:02:07','A',4,'2020-01-02 10:58:49',NULL,NULL),(11,1,'SRT/JKT/2020/01/00002','2020-01-02 14:34:35',159,0,NULL,'IDR',1.00,124000.00,0.00,124000.00,12400.00,136400.00,0.00,'BARANG REJECT',1,1,'2020-01-02 14:38:05','AUTO - 2020-01-02 14:38:05','A',4,'2020-01-02 14:35:45',NULL,NULL),(12,1,'SRT/JKT/2020/01/00003','2020-01-06 11:41:25',154,0,NULL,'IDR',1.00,7700.00,0.00,7700.00,770.00,8470.00,0.00,'IV/JKT/2020/01/00004',1,1,'2020-01-06 11:46:06','AUTO - 2020-01-06 11:46:06','A',4,'2020-01-06 11:42:23',NULL,NULL),(14,1,'SRT/JKT/2020/01/00004','2020-01-06 13:56:15',157,0,NULL,'IDR',1.00,1.00,2.00,0.00,0.00,0.00,0.00,'IV/JKT/2020/01/00006',1,1,'2020-01-06 13:58:43','AUTO - 2020-01-06 13:58:43','A',4,'2020-01-06 13:57:46',NULL,NULL),(15,1,'SRT/JKT/2020/01/00005','2020-01-06 14:03:05',161,0,NULL,'IDR',1.00,1.00,2.00,0.00,0.00,0.00,0.00,'IV/JKT/2020/01/00003',1,1,'2020-01-06 14:05:06','AUTO - 2020-01-06 14:05:06','A',4,'2020-01-06 14:03:45',NULL,NULL),(16,1,'SRT/JKT/2020/01/00006','2020-01-06 14:11:49',160,0,NULL,'IDR',1.00,1.00,2.00,0.00,0.00,0.00,0.00,'RETAK',1,1,'2020-01-06 14:13:08','AUTO - 2020-01-06 14:13:08','A',4,'2020-01-06 14:12:21',NULL,NULL),(17,1,'SRT/JKT/2020/01/00007','2020-01-06 14:22:12',161,0,NULL,'IDR',1.00,2.00,2.00,0.00,0.00,0.00,0.00,'REJECT',1,1,'2020-01-06 14:26:22','AUTO - 2020-01-06 14:26:22','A',4,'2020-01-06 14:24:29',NULL,NULL),(18,1,'SRT/JKT/2020/01/00008','2020-01-06 15:19:47',153,0,NULL,'IDR',1.00,1.00,2.00,0.00,0.00,0.00,0.00,'',1,0,NULL,NULL,'A',4,'2020-01-06 15:20:15',NULL,NULL),(19,1,'SRT/JKT/2020/01/00009','2020-01-06 16:55:06',159,0,NULL,'IDR',1.00,2.00,2.00,0.00,0.00,0.00,0.00,'',1,1,'2020-01-06 16:57:55','AUTO - 2020-01-06 16:57:54','A',4,'2020-01-06 16:55:46',NULL,NULL),(20,1,'SRT/JKT/2020/01/00010','2020-01-07 11:31:10',160,0,NULL,'IDR',1.00,3.00,2.00,0.00,0.00,0.00,0.00,'',1,1,'2020-01-07 11:33:20','AUTO - 2020-01-07 11:33:20','A',4,'2020-01-07 11:31:54',NULL,NULL),(21,1,'SRT/JKT/2020/01/00011','2020-01-07 15:23:44',153,0,NULL,'IDR',1.00,1.00,2.00,0.00,0.00,0.00,0.00,'',1,1,'2020-01-07 15:25:20','AUTO - 2020-01-07 15:25:19','A',4,'2020-01-07 15:24:10',NULL,NULL);

/*Table structure for table `trsalesreturnitems` */

DROP TABLE IF EXISTS `trsalesreturnitems`;

CREATE TABLE `trsalesreturnitems` (
  `fin_rec_id` int(11) NOT NULL AUTO_INCREMENT,
  `fin_salesreturn_id` int(11) DEFAULT NULL,
  `fin_inv_id` int(11) DEFAULT NULL,
  `fin_inv_detail_id` int(11) DEFAULT NULL,
  `fin_item_id` int(11) DEFAULT NULL,
  `fst_custom_item_name` varchar(100) DEFAULT NULL,
  `fbl_is_vat_include` tinyint(4) DEFAULT NULL,
  `fdb_qty` double(12,2) DEFAULT 0.00,
  `fdb_qty_lpb` double(12,2) DEFAULT 0.00 COMMENT 'Barang Retur yang telah di terima di gudang',
  `fst_unit` varchar(100) DEFAULT NULL,
  `fdc_price` decimal(12,2) DEFAULT 0.00,
  `fdc_subttl` decimal(12,2) DEFAULT 0.00,
  `fst_disc_item` varchar(100) DEFAULT NULL,
  `fdc_disc_amount_per_item` decimal(12,2) DEFAULT 0.00,
  `fdc_dpp_amount` decimal(12,2) DEFAULT 0.00,
  `fdc_ppn_percent` decimal(12,2) DEFAULT 0.00,
  `fdc_ppn_amount` decimal(12,2) DEFAULT 0.00,
  `fdc_total` decimal(12,2) DEFAULT 0.00,
  `fst_notes` text DEFAULT NULL,
  `fst_active` enum('A','S','D') DEFAULT NULL,
  `fin_insert_id` int(11) DEFAULT NULL,
  `fdt_insert_datetime` datetime DEFAULT NULL,
  `fin_update_id` int(11) DEFAULT NULL,
  `fdt_update_datetime` datetime DEFAULT NULL,
  PRIMARY KEY (`fin_rec_id`)
) ENGINE=InnoDB AUTO_INCREMENT=31 DEFAULT CHARSET=latin1;

/*Data for the table `trsalesreturnitems` */

insert  into `trsalesreturnitems`(`fin_rec_id`,`fin_salesreturn_id`,`fin_inv_id`,`fin_inv_detail_id`,`fin_item_id`,`fst_custom_item_name`,`fbl_is_vat_include`,`fdb_qty`,`fdb_qty_lpb`,`fst_unit`,`fdc_price`,`fdc_subttl`,`fst_disc_item`,`fdc_disc_amount_per_item`,`fdc_dpp_amount`,`fdc_ppn_percent`,`fdc_ppn_amount`,`fdc_total`,`fst_notes`,`fst_active`,`fin_insert_id`,`fdt_insert_datetime`,`fin_update_id`,`fdt_update_datetime`) values (11,7,9,28,63,'GREEBEL 3736 PENCIL SUPER LEAD',0,2.00,2.00,'SET',72300.00,144600.00,'0',0.00,144600.00,10.00,14460.00,159060.00,NULL,'A',4,'2019-12-27 16:46:28',NULL,NULL),(12,8,11,32,68,'GREEBEL PAKET UJIAN PINTAR',0,1.00,1.00,'SET',26000.00,26000.00,'0',0.00,26000.00,10.00,2600.00,28600.00,NULL,'A',4,'2019-12-27 17:34:41',NULL,NULL),(13,8,11,33,72,'MASTER BOX GREEBEL GUNTING GB-SC-02',0,1.00,1.00,'PCS',20000.00,20000.00,'0',0.00,20000.00,10.00,2000.00,22000.00,NULL,'A',4,'2019-12-27 17:34:41',NULL,NULL),(14,9,12,36,187,'GREEBEL 7026 HB HEXAGONAL PENCIL (PER PCS)',0,2.00,2.00,'PCS',4500.00,9000.00,'0',0.00,9000.00,10.00,900.00,9900.00,NULL,'A',4,'2020-01-02 10:58:49',NULL,NULL),(16,11,14,45,191,'GREEBEL 6712 - 3.7 MM WATER COLOUR PENCIL',0,2.00,2.00,'SET',62000.00,124000.00,'0',0.00,124000.00,10.00,12400.00,136400.00,NULL,'A',4,'2020-01-02 14:35:45',NULL,NULL),(17,12,16,55,107,'GREEBEL 7018 2 PCS + ERASER GBB-141240 2 PCS',0,1.00,1.00,'SET',7700.00,7700.00,'0',0.00,7700.00,10.00,770.00,8470.00,NULL,'A',4,'2020-01-06 11:42:23',NULL,NULL),(19,14,18,65,0,'PAYUNG CANTIK',0,1.00,1.00,'PCS',1.00,1.00,'100',1.00,0.00,10.00,0.00,0.00,NULL,'A',4,'2020-01-06 13:57:46',NULL,NULL),(20,15,15,70,186,'CORRECTION PEN W 004',0,1.00,1.00,'LSN',1.00,1.00,'100',1.00,0.00,10.00,0.00,0.00,NULL,'A',4,'2020-01-06 14:03:45',NULL,NULL),(21,16,17,76,0,'WINE GLASS',0,1.00,1.00,'PCS',1.00,1.00,'100',1.00,0.00,10.00,0.00,0.00,NULL,'A',4,'2020-01-06 14:12:21',NULL,NULL),(22,17,19,79,186,'CORRECTION PEN W 004',0,1.00,1.00,'LSN',1.00,1.00,'100',1.00,0.00,10.00,0.00,0.00,NULL,'A',4,'2020-01-06 14:24:29',NULL,NULL),(23,17,15,71,0,'WINE GLASS',0,1.00,1.00,'PCS',1.00,1.00,'100',1.00,0.00,10.00,0.00,0.00,NULL,'A',4,'2020-01-06 14:24:29',NULL,NULL),(24,18,21,90,0,'WINE GLASS',0,1.00,0.00,'PCS',1.00,1.00,'100',1.00,0.00,10.00,0.00,0.00,NULL,'A',4,'2020-01-06 15:20:15',NULL,NULL),(25,19,22,93,0,'PAYUNG CANTIK',0,1.00,1.00,'PCS',1.00,1.00,'100',1.00,0.00,10.00,0.00,0.00,NULL,'A',4,'2020-01-06 16:55:46',NULL,NULL),(26,19,22,94,186,'CORRECTION PEN W 004',0,1.00,1.00,'LSN',1.00,1.00,'100',1.00,0.00,10.00,0.00,0.00,NULL,'A',4,'2020-01-06 16:55:46',NULL,NULL),(27,20,23,99,0,'PAYUNG CANTIK',0,1.00,1.00,'PCS',1.00,1.00,'100',1.00,0.00,10.00,0.00,0.00,NULL,'A',4,'2020-01-07 11:31:54',NULL,NULL),(28,20,23,100,186,'CORRECTION PEN W 004',0,1.00,1.00,'LSN',1.00,1.00,'100',1.00,0.00,10.00,0.00,0.00,NULL,'A',4,'2020-01-07 11:31:54',NULL,NULL),(29,20,23,101,0,'WINE GLASS',0,1.00,1.00,'PCS',1.00,1.00,'100',1.00,0.00,10.00,0.00,0.00,NULL,'A',4,'2020-01-07 11:31:54',NULL,NULL),(30,21,24,110,186,'CORRECTION PEN W 004',0,1.00,1.00,'LSN',1.00,1.00,'100',1.00,0.00,10.00,0.00,0.00,NULL,'A',4,'2020-01-07 15:24:10',NULL,NULL);

/*Table structure for table `trvoucher` */

DROP TABLE IF EXISTS `trvoucher`;

CREATE TABLE `trvoucher` (
  `fin_rec_id` bigint(20) NOT NULL AUTO_INCREMENT,
  `fst_transaction_type` enum('SALESORDER') DEFAULT NULL,
  `fin_transaction_id` int(11) DEFAULT NULL,
  `fin_promo_id` int(11) DEFAULT NULL,
  `fin_branch_id` int(11) DEFAULT NULL COMMENT 'bila kosong, maka voucher bisa digunakan oleh setiap branch',
  `fin_relation_id` int(11) DEFAULT NULL COMMENT 'bila kosong, maka voucher bisa digunakan oleh siapa saja',
  `fst_voucher_code` varchar(100) DEFAULT NULL COMMENT 'optional, voucher digunakan dengan memasukan kode voucher',
  `fdc_disc_percent` decimal(12,2) DEFAULT NULL COMMENT 'Voucher berbentuk disc',
  `fdc_value` decimal(12,2) DEFAULT NULL COMMENT 'voucher berbentuk potongan harga',
  `fbl_is_used` tinyint(1) DEFAULT 0 COMMENT 'flag menunjukan apakah voucher ini telah di gunakan',
  `fdt_used_datetime` datetime DEFAULT NULL,
  `fin_used_transaction_id` int(11) DEFAULT NULL COMMENT 'id transaction yang memakian voucher ini',
  `fst_memo` text DEFAULT NULL,
  `fst_active` enum('A','S','D') NOT NULL,
  `fin_insert_id` int(11) NOT NULL,
  `fdt_insert_datetime` datetime NOT NULL,
  `fin_update_id` int(11) DEFAULT NULL,
  `fdt_update_datetime` datetime DEFAULT NULL,
  PRIMARY KEY (`fin_rec_id`),
  KEY `fin_rec_id` (`fin_rec_id`)
) ENGINE=InnoDB AUTO_INCREMENT=184 DEFAULT CHARSET=utf8;

/*Data for the table `trvoucher` */

insert  into `trvoucher`(`fin_rec_id`,`fst_transaction_type`,`fin_transaction_id`,`fin_promo_id`,`fin_branch_id`,`fin_relation_id`,`fst_voucher_code`,`fdc_disc_percent`,`fdc_value`,`fbl_is_used`,`fdt_used_datetime`,`fin_used_transaction_id`,`fst_memo`,`fst_active`,`fin_insert_id`,`fdt_insert_datetime`,`fin_update_id`,`fdt_update_datetime`) values (64,'SALESORDER',56,2,1,20,NULL,NULL,50000.00,0,NULL,NULL,NULL,'A',12,'2019-07-25 21:53:45',NULL,NULL),(84,'SALESORDER',69,12,1,154,NULL,NULL,50000.00,0,NULL,NULL,NULL,'D',12,'2019-12-01 18:24:16',NULL,NULL),(91,'SALESORDER',70,12,1,154,NULL,NULL,50000.00,0,NULL,NULL,NULL,'S',12,'2019-12-01 18:57:21',NULL,NULL),(104,'SALESORDER',88,12,1,153,NULL,NULL,50000.00,0,NULL,NULL,NULL,'A',4,'2019-12-04 17:01:13',NULL,NULL),(105,'SALESORDER',90,12,1,160,NULL,NULL,50000.00,0,NULL,NULL,NULL,'A',4,'2019-12-06 10:36:25',NULL,NULL),(106,'SALESORDER',91,12,1,161,NULL,NULL,50000.00,0,NULL,NULL,NULL,'A',4,'2019-12-06 17:17:23',NULL,NULL),(111,'SALESORDER',92,12,1,160,NULL,NULL,50000.00,0,NULL,NULL,NULL,'D',4,'2019-12-09 13:40:36',NULL,NULL),(112,'SALESORDER',98,12,1,153,NULL,NULL,50000.00,0,NULL,NULL,NULL,'A',4,'2019-12-12 12:01:00',NULL,NULL),(113,'SALESORDER',100,12,1,153,NULL,NULL,50000.00,0,NULL,NULL,NULL,'A',4,'2019-12-12 12:33:08',NULL,NULL),(114,'SALESORDER',106,12,1,159,NULL,NULL,50000.00,0,NULL,NULL,NULL,'A',4,'2019-12-12 13:34:31',NULL,NULL),(115,'SALESORDER',107,12,1,153,NULL,NULL,50000.00,0,NULL,NULL,NULL,'A',4,'2019-12-12 14:00:21',NULL,NULL),(116,'SALESORDER',111,12,1,159,NULL,NULL,50000.00,0,NULL,NULL,NULL,'A',4,'2019-12-12 14:28:25',NULL,NULL),(117,'SALESORDER',121,12,1,153,NULL,NULL,50000.00,0,NULL,NULL,NULL,'A',4,'2019-12-12 16:11:52',NULL,NULL),(118,'SALESORDER',126,12,1,159,NULL,NULL,50000.00,0,NULL,NULL,NULL,'A',4,'2019-12-13 08:56:23',NULL,NULL),(119,'SALESORDER',127,12,1,153,NULL,NULL,50000.00,0,NULL,NULL,NULL,'A',4,'2019-12-13 09:12:12',NULL,NULL),(120,'SALESORDER',128,12,1,159,NULL,NULL,50000.00,0,NULL,NULL,NULL,'A',4,'2019-12-13 09:39:28',NULL,NULL),(121,'SALESORDER',129,12,1,159,NULL,NULL,50000.00,0,NULL,NULL,NULL,'A',4,'2019-12-13 09:56:14',NULL,NULL),(122,'SALESORDER',130,12,1,159,NULL,NULL,50000.00,0,NULL,NULL,NULL,'A',4,'2019-12-13 10:05:33',NULL,NULL),(123,'SALESORDER',131,12,1,159,NULL,NULL,50000.00,0,NULL,NULL,NULL,'A',4,'2019-12-13 10:11:48',NULL,NULL),(124,'SALESORDER',132,12,1,159,NULL,NULL,50000.00,0,NULL,NULL,NULL,'A',4,'2019-12-13 10:19:38',NULL,NULL),(125,'SALESORDER',133,12,1,159,NULL,NULL,50000.00,0,NULL,NULL,NULL,'A',4,'2019-12-13 10:19:47',NULL,NULL),(126,'SALESORDER',138,12,1,153,NULL,NULL,50000.00,0,NULL,NULL,NULL,'A',4,'2019-12-13 11:06:12',NULL,NULL),(129,'SALESORDER',146,12,1,159,NULL,NULL,50000.00,0,NULL,NULL,NULL,'A',4,'2019-12-13 17:48:24',NULL,NULL),(130,'SALESORDER',147,12,1,153,NULL,NULL,50000.00,0,NULL,NULL,NULL,'A',4,'2019-12-13 17:51:17',NULL,NULL),(131,'SALESORDER',148,12,1,153,NULL,NULL,50000.00,0,NULL,NULL,NULL,'A',4,'2019-12-19 11:12:06',NULL,NULL),(132,'SALESORDER',153,12,1,159,NULL,NULL,50000.00,0,NULL,NULL,NULL,'A',4,'2019-12-19 11:33:29',NULL,NULL),(133,'SALESORDER',154,12,1,153,NULL,NULL,50000.00,0,NULL,NULL,NULL,'A',4,'2019-12-20 17:29:14',NULL,NULL),(134,'SALESORDER',158,12,1,159,NULL,NULL,50000.00,0,NULL,NULL,NULL,'D',4,'2019-12-23 09:38:38',NULL,NULL),(157,'SALESORDER',166,12,1,159,NULL,NULL,50000.00,0,NULL,NULL,NULL,'A',4,'2019-12-26 18:03:59',NULL,NULL),(158,'SALESORDER',171,13,1,159,NULL,NULL,50000.00,0,NULL,NULL,NULL,'A',4,'2020-01-02 10:42:41',NULL,NULL),(159,'SALESORDER',171,12,1,159,NULL,NULL,50000.00,0,NULL,NULL,NULL,'A',4,'2020-01-02 10:42:41',NULL,NULL),(160,'SALESORDER',172,13,1,159,NULL,NULL,50000.00,0,NULL,NULL,NULL,'A',4,'2020-01-02 13:25:03',NULL,NULL),(161,'SALESORDER',172,12,1,159,NULL,NULL,50000.00,0,NULL,NULL,NULL,'A',4,'2020-01-02 13:25:03',NULL,NULL),(162,'SALESORDER',173,13,1,159,NULL,NULL,50000.00,0,NULL,NULL,NULL,'A',4,'2020-01-02 13:56:03',NULL,NULL),(163,'SALESORDER',173,12,1,159,NULL,NULL,50000.00,0,NULL,NULL,NULL,'A',4,'2020-01-02 13:56:03',NULL,NULL),(164,'SALESORDER',174,13,1,161,NULL,NULL,50000.00,0,NULL,NULL,NULL,'A',4,'2020-01-03 11:36:52',NULL,NULL),(165,'SALESORDER',175,13,1,157,NULL,NULL,50000.00,0,NULL,NULL,NULL,'A',4,'2020-01-03 12:12:02',NULL,NULL),(166,'SALESORDER',176,13,1,157,NULL,NULL,50000.00,0,NULL,NULL,NULL,'A',4,'2020-01-03 14:09:56',NULL,NULL),(167,'SALESORDER',177,13,1,154,NULL,NULL,50000.00,0,NULL,NULL,NULL,'A',4,'2020-01-06 09:37:11',NULL,NULL),(168,'SALESORDER',178,13,1,161,NULL,NULL,50000.00,0,NULL,NULL,NULL,'A',4,'2020-01-06 10:16:25',NULL,NULL),(170,'SALESORDER',179,13,1,160,NULL,NULL,50000.00,0,NULL,NULL,NULL,'A',4,'2020-01-06 13:36:42',NULL,NULL),(171,'SALESORDER',180,13,1,157,NULL,NULL,50000.00,0,NULL,NULL,NULL,'A',4,'2020-01-06 13:50:23',NULL,NULL),(172,'SALESORDER',181,13,1,161,NULL,NULL,50000.00,0,NULL,NULL,NULL,'A',4,'2020-01-06 14:18:26',NULL,NULL),(173,'SALESORDER',182,13,1,158,NULL,NULL,50000.00,0,NULL,NULL,NULL,'A',4,'2020-01-06 15:01:26',NULL,NULL),(174,'SALESORDER',183,13,1,153,NULL,NULL,50000.00,0,NULL,NULL,NULL,'A',4,'2020-01-06 15:11:13',NULL,NULL),(175,'SALESORDER',184,13,1,159,NULL,NULL,50000.00,0,NULL,NULL,NULL,'A',4,'2020-01-06 16:34:35',NULL,NULL),(176,'SALESORDER',185,13,1,160,NULL,NULL,50000.00,0,NULL,NULL,NULL,'A',4,'2020-01-07 11:27:03',NULL,NULL),(177,'SALESORDER',186,13,1,154,NULL,NULL,50000.00,0,NULL,NULL,NULL,'A',4,'2020-01-07 12:24:29',NULL,NULL),(179,'SALESORDER',187,13,1,158,NULL,NULL,50000.00,0,NULL,NULL,NULL,'A',4,'2020-01-07 14:38:24',NULL,NULL),(182,'SALESORDER',188,13,1,158,NULL,NULL,50000.00,0,NULL,NULL,NULL,'A',4,'2020-01-07 14:48:58',NULL,NULL),(183,'SALESORDER',189,13,1,153,NULL,NULL,50000.00,0,NULL,NULL,NULL,'A',4,'2020-01-07 15:08:29',NULL,NULL);

/*!40101 SET SQL_MODE=@OLD_SQL_MODE */;
/*!40014 SET FOREIGN_KEY_CHECKS=@OLD_FOREIGN_KEY_CHECKS */;
/*!40014 SET UNIQUE_CHECKS=@OLD_UNIQUE_CHECKS */;
/*!40111 SET SQL_NOTES=@OLD_SQL_NOTES */;
