/*
SQLyog Ultimate v10.42 
MySQL - 5.5.5-10.2.30-MariaDB : Database - u5538790_greebel
*********************************************************************
*/

/*!40101 SET NAMES utf8 */;

/*!40101 SET SQL_MODE=''*/;

/*!40014 SET @OLD_UNIQUE_CHECKS=@@UNIQUE_CHECKS, UNIQUE_CHECKS=0 */;
/*!40014 SET @OLD_FOREIGN_KEY_CHECKS=@@FOREIGN_KEY_CHECKS, FOREIGN_KEY_CHECKS=0 */;
/*!40101 SET @OLD_SQL_MODE=@@SQL_MODE, SQL_MODE='NO_AUTO_VALUE_ON_ZERO' */;
/*!40111 SET @OLD_SQL_NOTES=@@SQL_NOTES, SQL_NOTES=0 */;
CREATE DATABASE /*!32312 IF NOT EXISTS*/`u5538790_greebel` /*!40100 DEFAULT CHARACTER SET latin1 */;

USE `u5538790_greebel`;

/*Table structure for table `menus` */

DROP TABLE IF EXISTS `menus`;

CREATE TABLE `menus` (
  `fin_id` bigint(20) unsigned NOT NULL AUTO_INCREMENT,
  `fin_order` int(11) NOT NULL,
  `fst_order` varchar(100) DEFAULT NULL,
  `fst_menu_name` varchar(256) NOT NULL,
  `fst_caption` varchar(256) NOT NULL,
  `fst_icon` varchar(256) NOT NULL,
  `fst_type` enum('HEADER','TREEVIEW','','') NOT NULL DEFAULT 'HEADER',
  `fst_link` text DEFAULT NULL,
  `fin_parent_id` int(11) NOT NULL,
  `fbl_active` tinyint(1) NOT NULL,
  UNIQUE KEY `fin_id` (`fin_id`)
) ENGINE=InnoDB AUTO_INCREMENT=86 DEFAULT CHARSET=latin1;

/*Data for the table `menus` */

insert  into `menus`(`fin_id`,`fin_order`,`fst_order`,`fst_menu_name`,`fst_caption`,`fst_icon`,`fst_type`,`fst_link`,`fin_parent_id`,`fbl_active`) values (1,1,'10','dashboard','Dashboard','<i class=\"fa fa-circle-o\"></i>','TREEVIEW','home',0,1),(2,2,'20','master','Master Data','<i class=\"fa fa-dashboard\"></i>','HEADER',NULL,0,1),(23,0,'20.10','master_accounting','Master Accounting','<i class=\"fa fa-bank\"></i>','TREEVIEW',NULL,0,1),(24,0,'20.10.10','gl_account','GL Account','<i class=\"fa fa-circle-o\"></i>','TREEVIEW','gl/glaccount\r\n',23,1),(25,0,'20.20','master_operasional','Master Operasional','<i class=\"fa fa-car\"></i>','TREEVIEW',NULL,0,1),(26,0,'20.20.10','master_item','Barang Dagangan','<i class=\"fa fa-dropbox\"></i>','TREEVIEW',NULL,25,1),(27,0,'20.20.10.10','item_group','Items Group','<i class=\"fa fa-circle-o\"></i>','TREEVIEW','master/group_item\r\n\r\n',26,0),(28,0,'20.20.10.20','item_main_group','Main Group','<i class=\"fa fa-circle-o\"></i>','TREEVIEW','master/maingroup_item\r\n',26,0),(29,0,'20.20.10.30','item_sub_group','Sub Group','<i class=\"fa fa-circle-o\"></i>','TREEVIEW','master/subgroup_item',26,0),(30,0,'20.20.10.40','items','Items','<i class=\"fa fa-circle-o\"></i>','TREEVIEW','master/item\r\n',26,1),(31,0,'20.20.20','master_currency','Kurs / Mata Uang','<i class=\"fa fa-circle-o\"></i>','TREEVIEW','master/currency',25,1),(32,0,'20.20.30','relation','Relations','<i class=\"fa fa-dashboard\"></i>','TREEVIEW',NULL,25,1),(33,0,'20.20.30.10','relation_group','Groups','<i class=\"fa fa-circle-o\"></i>','TREEVIEW','pr/relation_group\r\n',32,1),(34,0,'20.20.30.20','relation_customer_vendor','Customer / Vendor','<i class=\"fa fa-circle-o\"></i>','TREEVIEW','pr/relation\r\n',32,1),(35,0,'20.20.30.30','membership','Membership','<i class=\"fa fa-circle-o\"></i>','TREEVIEW','pr/membership',32,1),(36,0,'20.20.40','warehouse','Gudang','<i class=\"fa fa-circle-o\"></i>','TREEVIEW','master/warehouse',25,1),(37,0,'20.20.50','pricing','Master Prices','<i class=\"fa fa-dashboard\"></i>','TREEVIEW',NULL,25,1),(38,0,'20.20.50.10','pricing_group','Pricing Group','<i class=\"fa fa-circle-o\"></i>','TREEVIEW','pr/cust_pricing_group',37,1),(39,0,'20.20.50.20','prices','Prices','<i class=\"fa fa-dashboard\"></i>','TREEVIEW',NULL,37,1),(40,0,'20.20.50.30','discount','Discount','<i class=\"fa fa-circle-o\"></i>','TREEVIEW','master/discount',37,1),(41,0,'20.30','master_system','Master System','<i class=\"fa fa-dashboard\"></i>','TREEVIEW',NULL,0,1),(42,0,'20.20.60','promo','Master Promo','<i class=\"fa fa-circle-o\"></i>','TREEVIEW','master/promotion',25,1),(43,0,'20.30.10','branch','Cabang','<i class=\"fa fa-dashboard\"></i>','TREEVIEW','master/branch',41,1),(44,0,'20.30.20','department','Departemen','<i class=\"fa fa-dashboard\"></i>','TREEVIEW','master/department',41,1),(45,0,'20.30.30','user_group','User Group','<i class=\"fa fa-dashboard\"></i>','TREEVIEW','system/usersgroup',41,1),(46,0,'20.30.40','user','User','<i class=\"fa fa-circle-o\"></i>','TREEVIEW','user',41,1),(47,0,'30','transaction','Transaksi','<i class=\"fa fa-dashboard\"></i>','HEADER',NULL,0,1),(48,0,'30.10','purchase','Pembelian','<i class=\"fa fa-dashboard\"></i>','TREEVIEW',NULL,0,1),(49,0,'30.20','sales','Penjualan','<i class=\"fa fa-dashboard\"></i>','TREEVIEW',NULL,0,1),(51,0,'30.20.10','sales_order','Sales Order','<i class=\"fa fa-circle-o\"></i>','TREEVIEW','tr/sales_order',49,1),(52,0,'30.40.50','delivery_order','Pengiriman Penjualan','<i class=\"fa fa-circle-o\"></i>','TREEVIEW','tr/gudang/pengiriman_penjualan',62,1),(53,0,'20.20.70','sales_area','Sales Area','<i class=\"fa fa-dashboard\"></i>','TREEVIEW',NULL,25,1),(54,0,'20.20.70.10','sales_area_national','National','<i class=\"fa fa-circle-o\"></i>','TREEVIEW','master/sales_area/national',53,1),(55,0,'20.20.70.20','sales_area_regional','Regional','<i class=\"fa fa-circle-o\"></i>','TREEVIEW','master/sales_area/regional',53,1),(56,0,'20.20.70.30','sales_area_area','Area','<i class=\"fa fa-circle-o\"></i>','TREEVIEW','master/sales_area/area',53,1),(57,0,'20.20.80','verification','Verifikasi','<i class=\"fa fa-dashboard\"></i>','TREEVIEW',NULL,25,1),(58,0,'20.20.30.25','member_group','Member Group','<i class=\"fa fa-circle-o\"></i>','TREEVIEW','pr/member_group',32,1),(59,0,'30.20.11','unhold_so','Unhold Sales Order','<i class=\"fa fa-circle-o\"></i>','TREEVIEW','tr/sales_order/unhold',49,1),(60,0,'30.20.50','sales_preorder','Pre Order','<i class=\"fa fa-circle-o\"></i>','TREEVIEW','tr/sales_preorder',49,1),(61,0,'30.20.30','invoice','Faktur Penjualan','<i class=\"fa fa-circle-o\"></i>','TREEVIEW','tr/sales/invoice',49,1),(62,0,'30.40','admin_persediaan','Adm Persediaan / Gudang','<i class=\"fa fa-dashboard\"></i>','TREEVIEW',NULL,0,1),(63,0,'30.40.80','monitoring_sj','Monitoring S/J','<i class=\"fa fa-circle-o\"></i>','TREEVIEW','adm_persediaan/monitoring_sj',62,1),(64,0,'30.10.20','purchase_order','Purchase Order (P/O)','<i class=\"fa fa-circle-o\"></i>','TREEVIEW','tr/purchase_order',48,1),(65,0,'30.60','keuangan_akutansi','Keuangan & Akuntansi','<i class=\"fa fa-dashboard\"></i>','TREEVIEW',NULL,0,1),(66,0,'30.60.20.10','penerimaan_kas','Penerimaan Kas Bank','<i class=\"fa fa-circle-o\"></i>','TREEVIEW','tr/kas_bank/penerimaan',79,1),(67,0,'30.60.20.20','pengeluaran_kas','Pengeluaran Kas Bank','<i class=\"fa fa-circle-o\"></i>','TREEVIEW','tr/kas_bank/pengeluaran',79,1),(68,0,'20.10.50','profit_cost_center','Profit & Cost Center','<i class=\"fa fa-circle-o\"></i>','TREEVIEW','gl/profit_cost_center\r\n',23,1),(69,0,'20.10.40','prefix_cash_bank','Prefix Trans Kas/Bank','<i class=\"fa fa-circle-o\"></i>','TREEVIEW','gl/config/prefix_cash_bank\r\n',23,1),(70,0,'30.40.60','penerimaan_pembelian','Penerimaan Pembelian','<i class=\"fa fa-circle-o\"></i>','TREEVIEW','tr/gudang/penerimaan_pembelian',62,1),(71,0,'30.10.50','purchase_invoice','Faktur Pembelian','<i class=\"fa fa-circle-o\"></i>','TREEVIEW','tr/purchase/invoice\r\n',48,1),(72,0,'30.10.60','purchase_return','Return Pembelian','<i class=\"fa fa-circle-o\"></i>','TREEVIEW','tr/purchase/purchase_return',48,1),(73,0,'20.20.70','master_project','Project','<i class=\"fa fa-circle-o\"></i>','TREEVIEW','master/project',25,1),(74,0,'30.10.70','purchase_cost','Biaya Pembelian','<i class=\"fa fa-circle-o\"></i>','TREEVIEW','tr/purchase/cost',48,1),(75,0,'20.20.33','line_of_business','Line Of Business','<i class=\"fa fa-circle-o\"></i>','TREEVIEW','master/linebusiness',25,1),(76,0,'30.10.80','close_purchase_cost','Tutup Biaya Pembelian','<i class=\"fa fa-circle-o\"></i>','TREEVIEW','tr/purchase_order/close_po_cost_list',48,1),(77,0,'30.20.40','sales_return','Return Penjualan','<i class=\"fa fa-circle-o\"></i>','TREEVIEW','tr/sales/sales_return',49,1),(78,0,'30.20.90','sales_ekspedisi','Ekspedisi','<i class=\"fa fa-circle-o\"></i>','TREEVIEW','tr/sales/ekspedisi',49,1),(79,0,'30.60.20','kas_bank','Kas & Bank','<i class=\"fa fa-dashboard\"></i>','TREEVIEW',NULL,65,1),(80,0,'30.60.10','jurnal_umum','Jurnal Umum','<i class=\"fa fa-circle-o\"></i>','TREEVIEW','tr/jurnal_umum',65,1),(81,0,'30.60.20.30','penerimaan_kas_lain','Penerimaan Lain-Lain','<i class=\"fa fa-circle-o\"></i>','TREEVIEW','tr/kas_bank/penerimaan_lain',79,1),(82,0,'30.40.60','penerimaan_pembelian','Penerimaan Pembelian','<i class=\"fa fa-circle-o\"></i>','TREEVIEW','tr/gudang/penerimaan_pembelian',62,1),(83,0,'30.60.20.40','pengeluaran_kas_lain','Pengeluaran Lain-Lain','<i class=\"fa fa-circle-o\"></i>','TREEVIEW','tr/kas_bank/pengeluaran_lain',79,1),(84,0,'30.10.15','purchase_request','Purchase Request (P/R)','<i class=\"fa fa-circle-o\"></i>','TREEVIEW','tr/purchase/purchase_request',48,1),(85,0,'30.10.18','process_pr','Process P/R','<i class=\"fa fa-circle-o\"></i>','TREEVIEW','tr/purchase/purchase_request/process',48,1);

/*Table structure for table `msbranches` */

DROP TABLE IF EXISTS `msbranches`;

CREATE TABLE `msbranches` (
  `fin_branch_id` int(5) NOT NULL AUTO_INCREMENT,
  `fst_branch_code` varchar(10) DEFAULT NULL,
  `fst_branch_name` varchar(100) DEFAULT NULL,
  `fst_address` text DEFAULT NULL,
  `fin_country_id` int(5) DEFAULT NULL,
  `fst_area_code` varchar(13) DEFAULT NULL,
  `fst_postalcode` varchar(10) DEFAULT NULL,
  `fst_branch_phone` varchar(20) DEFAULT NULL,
  `fst_notes` text DEFAULT NULL,
  `fbl_is_hq` tinyint(1) DEFAULT NULL COMMENT 'Hanya boleh ada 1 HQ di table cabang',
  `fst_active` enum('A','S','D') NOT NULL,
  `fin_insert_id` int(11) NOT NULL,
  `fdt_insert_datetime` datetime NOT NULL,
  `fin_update_id` int(11) DEFAULT NULL,
  `fdt_update_datetime` datetime DEFAULT NULL,
  PRIMARY KEY (`fin_branch_id`)
) ENGINE=InnoDB AUTO_INCREMENT=11 DEFAULT CHARSET=utf8;

/*Data for the table `msbranches` */

insert  into `msbranches`(`fin_branch_id`,`fst_branch_code`,`fst_branch_name`,`fst_address`,`fin_country_id`,`fst_area_code`,`fst_postalcode`,`fst_branch_phone`,`fst_notes`,`fbl_is_hq`,`fst_active`,`fin_insert_id`,`fdt_insert_datetime`,`fin_update_id`,`fdt_update_datetime`) values (1,'JKT','JAKARTA','Jakarta',1,'31.73.01','14450','08128042742','Oke',1,'A',0,'2019-06-10 11:35:00',12,'2019-07-30 21:37:07'),(2,'SBY','SURABAYA','SURABAYA',1,'35.78.05','60262','0812 8877 9999','CABANG 1',0,'A',12,'2019-07-11 08:48:08',4,'2019-07-15 16:20:11'),(3,NULL,'MEDAN','MEDAN',1,'12.71.01','20215','0811 1234 9876','KACAB 1',0,'A',4,'2019-07-15 16:41:23',4,'2019-07-15 16:41:55'),(4,NULL,'DENPASAR','Denpasar, Bali',1,'51.71.01','80221','081382728242','Oke',0,'A',4,'2019-07-22 13:51:58',NULL,NULL),(5,NULL,'YOGYAKARTA','JL. PEMUDA',1,'34.71.04','66600','021','test',0,'D',4,'2019-08-16 16:25:54',NULL,NULL),(6,NULL,'CILEGON','CILEGON,  BANTEN',1,'36.72.02','42400','-','KACAB 1 BANTEN',0,'A',4,'2019-11-13 10:33:13',NULL,NULL),(7,NULL,'SERANG','SERANG',1,'36.73.01','42111','-','KACAB 2 BANTEN',0,'A',4,'2019-11-13 11:50:36',NULL,NULL),(8,NULL,'BANDUNG','BANDUNG',1,'32.73.19','40111','','KACAB 1 JAWA BARAT',0,'A',4,'2019-11-19 10:26:17',4,'2019-11-27 08:54:49'),(9,NULL,'TANGERANG','TANGERANG',1,'36.71.01','15117','-','KACAB TANGERANG',0,'A',4,'2019-11-27 08:54:24',NULL,NULL),(10,NULL,'TANGERANG SELATAN','TANGSEL',1,'36.74.01','10000','','',0,'A',4,'2019-12-10 16:47:23',NULL,NULL);

/*Table structure for table `msconfigjurnal` */

DROP TABLE IF EXISTS `msconfigjurnal`;

CREATE TABLE `msconfigjurnal` (
  `fin_rec_id` int(11) NOT NULL AUTO_INCREMENT,
  `fst_key` varchar(256) DEFAULT NULL,
  `fst_glaccount_code` varchar(100) DEFAULT NULL,
  `fst_title` varchar(100) DEFAULT NULL,
  `fbl_active` tinyint(1) DEFAULT NULL,
  PRIMARY KEY (`fin_rec_id`)
) ENGINE=InnoDB AUTO_INCREMENT=33 DEFAULT CHARSET=latin1;

/*Data for the table `msconfigjurnal` */

insert  into `msconfigjurnal`(`fin_rec_id`,`fst_key`,`fst_glaccount_code`,`fst_title`,`fbl_active`) values (1,'AR_DAGANG_LOKAL','111.114.002','Piutang Dagang',1),(2,'DP_IN_LOKAL','211.114.001','Uang Muka Penjualan',1),(3,'INV_DISC','411.112.004','Disc Penjualan',1),(5,'PPN_MASUKAN','111.119.001','PPN Masukan / proses pembelian',1),(6,'INV_SALES','411.111.001','Penjualan Lokal',1),(7,'DP_OUT_LOKAL','111.117.001','Uang Muka Pembelian Lokal',1),(8,'AP_DAGANG_LOKAL','211.111.001','Hutang Dagang Lokal',1),(9,'DP_OUT_IMPORT','111.117.001','Uang Muka Pembelian Import',1),(10,'AP_DAGANG_IMPORT','211.111.001','Hutang Dagang Import',1),(11,'CB_OUT_GIRO_MUNDUR','211.112.007','Hutang Giro Mundur',1),(13,'SELISIH_KURS_UNTUNG','811.111.003','Selisih Kurs Untung',1),(14,'SELISIH_KURS_RUGI','811.111.003','Selisih Kurs Rugi',1),(15,'PPN_KELUARAN','211.113.001','PPN Keluaran / Proses penjualan ',1),(16,'PURCHASE_LOKAL','511.111.001','Pembelian Lokal',1),(17,'PURCHASE_IMPORT','511.111.001','Pembelian Import',1),(18,'PURCHASE_DISC','511.111.006','Disc Pembelian',1),(19,'RETURN_LOKAL','511.111.007','Retur Pembelian Lokal',1),(20,'RETURN_IMPORT','511.111.007','Retur Pembelian Import',1),(21,'AP_BIAYA_PEMBELIAN_LOKAL','211.112.006','Hutang biaya pembelian lokal',1),(22,'AP_BIAYA_PEMBELIAN_IMPORT','211.112.006','Hutang biaya pembelian import',1),(23,'CB_IN_GIRO_MUNDUR','111.114.001','Piutang Giro Mundur',1),(24,'RETUR_PENJUALAN','411.112.001','Retur Penjualan',1),(25,'RETUR_BELUM_REALISASI','211.111.003','Ayat Silang Retur Penjualan belum direlalisakan',1),(26,'RETUR_PEMBELIAN_BELUM_REALISASI','111.114.011','Ayat Silang Return Pembelian yang belum direalisasikan',1),(27,'CUSTOMER_KELEBIHAN_BAYAR','211.114.001','Kelebihan Bayar dari Customer',1),(28,'BIAYA_EKSPEDISI_PENJUALAN','613.111.001','Biaya ekspedisi penjualan',1),(29,'PIUTANG_EKSPEDISI_PENJUALAN','111.114.005','Piutang ekspedisi penjualan',1),(30,'HUTANG_EKSPEDISI_PENJUALAN','211.112.006','Hutang ekspedisi Pejualan',1),(31,'PPN_EKSPEDISI_PENJUALAN','111.119.002','PPN ekspedisi Penjualan',1),(32,'UNKNOWN_CASH_BANK_RECEIVE','212.113.002','Penerimaan yang tidak diketahui dari siapa dan untuk apa',1);

/*Table structure for table `msconfiglogisticjurnal` */

DROP TABLE IF EXISTS `msconfiglogisticjurnal`;

CREATE TABLE `msconfiglogisticjurnal` (
  `fin_rec_id` int(11) NOT NULL AUTO_INCREMENT,
  `fin_item_group_id` int(11) DEFAULT NULL,
  `fst_persediaan_account_code` varchar(100) DEFAULT NULL,
  `fst_pabrikasi_account_code` varchar(100) DEFAULT NULL,
  `fst_biaya_account_code` varchar(100) DEFAULT NULL,
  `fst_active` enum('A','S','D') DEFAULT NULL,
  `fin_insert_id` int(11) DEFAULT NULL,
  `fdt_insert_datetime` datetime DEFAULT NULL,
  `fin_update_id` int(11) DEFAULT NULL,
  `fdt_update_datetime` datetime DEFAULT NULL,
  PRIMARY KEY (`fin_rec_id`)
) ENGINE=MyISAM DEFAULT CHARSET=latin1;

/*Data for the table `msconfiglogisticjurnal` */

/*Table structure for table `mscountries` */

DROP TABLE IF EXISTS `mscountries`;

CREATE TABLE `mscountries` (
  `fin_country_id` int(5) NOT NULL AUTO_INCREMENT,
  `fst_country_name` varchar(100) NOT NULL,
  `fst_active` enum('A','S','D') NOT NULL,
  `fin_insert_id` int(11) NOT NULL,
  `fdt_insert_datetime` datetime NOT NULL,
  `fin_update_id` int(11) DEFAULT NULL,
  `fdt_update_datetime` datetime DEFAULT NULL,
  PRIMARY KEY (`fin_country_id`)
) ENGINE=InnoDB AUTO_INCREMENT=10 DEFAULT CHARSET=utf8;

/*Data for the table `mscountries` */

insert  into `mscountries`(`fin_country_id`,`fst_country_name`,`fst_active`,`fin_insert_id`,`fdt_insert_datetime`,`fin_update_id`,`fdt_update_datetime`) values (1,'INDONESIA','A',4,'2019-05-03 06:05:02',NULL,NULL),(2,'SINGAPORE','A',4,'2019-05-03 18:10:07',NULL,NULL),(3,'AUSTRALIA','A',4,'2019-05-06 09:41:16',NULL,NULL),(4,'THAILAND','A',4,'2019-05-06 15:16:32',NULL,NULL),(5,'VIETNAM','A',4,'2019-05-06 15:26:41',NULL,NULL),(7,'MALAYSIA','A',4,'2019-05-06 16:07:25',NULL,NULL),(8,'KOREA SELATAN','A',4,'2019-11-13 09:20:13',NULL,NULL),(9,'FILIPINA','A',4,'2019-11-13 09:43:12',NULL,NULL);

/*Table structure for table `mscurrencies` */

DROP TABLE IF EXISTS `mscurrencies`;

CREATE TABLE `mscurrencies` (
  `fst_curr_code` varchar(10) NOT NULL,
  `fst_curr_name` varchar(100) DEFAULT NULL,
  `fbl_is_default` tinyint(1) DEFAULT 0,
  `fst_active` enum('A','S','D') NOT NULL,
  `fin_insert_id` int(11) NOT NULL,
  `fdt_insert_datetime` datetime NOT NULL,
  `fin_update_id` int(11) DEFAULT NULL,
  `fdt_update_datetime` datetime DEFAULT NULL,
  PRIMARY KEY (`fst_curr_code`)
) ENGINE=InnoDB DEFAULT CHARSET=utf8;

/*Data for the table `mscurrencies` */

insert  into `mscurrencies`(`fst_curr_code`,`fst_curr_name`,`fbl_is_default`,`fst_active`,`fin_insert_id`,`fdt_insert_datetime`,`fin_update_id`,`fdt_update_datetime`) values ('BHATT','BHATT THAILAND',0,'A',4,'2019-08-16 14:33:53',4,'2019-12-05 09:48:12'),('IDR','RUPIAH',1,'A',1,'0000-00-00 00:00:00',4,'2019-07-23 12:53:26'),('INR','RUPEE INDIA',0,'A',4,'2019-12-26 13:57:17',NULL,NULL),('KRW','WON SOUTH KOREA',0,'A',4,'2019-07-15 15:13:43',4,'2019-12-10 18:27:23'),('MYR','RINGGIT MALAYSIA',0,'A',4,'2019-12-10 18:06:11',4,'2019-12-10 18:07:46'),('PHP','PESO FILIPINA',0,'A',4,'2019-11-13 09:42:04',NULL,NULL),('SGD','DOLAR SINGAPORE',0,'A',4,'2019-11-13 09:34:26',NULL,NULL),('USD','US DOLAR',0,'A',4,'2019-11-13 13:21:30',4,'2019-11-20 15:30:31'),('YEN','YEN JAPAN',0,'A',4,'2019-07-23 10:47:54',4,'2019-07-23 12:53:56');

/*Table structure for table `mscurrenciesratedetails` */

DROP TABLE IF EXISTS `mscurrenciesratedetails`;

CREATE TABLE `mscurrenciesratedetails` (
  `fin_rec_id` bigint(20) NOT NULL AUTO_INCREMENT,
  `fst_curr_code` varchar(10) NOT NULL,
  `fdt_date` date NOT NULL,
  `fdc_exchange_rate_to_idr` decimal(12,2) NOT NULL DEFAULT 0.00,
  `fst_active` enum('A','S','D') NOT NULL,
  `fin_insert_id` int(11) NOT NULL,
  `fdt_insert_datetime` datetime NOT NULL,
  `fin_update_id` int(11) DEFAULT NULL,
  `fdt_update_datetime` datetime DEFAULT NULL,
  PRIMARY KEY (`fin_rec_id`)
) ENGINE=InnoDB AUTO_INCREMENT=63 DEFAULT CHARSET=utf8;

/*Data for the table `mscurrenciesratedetails` */

insert  into `mscurrenciesratedetails`(`fin_rec_id`,`fst_curr_code`,`fdt_date`,`fdc_exchange_rate_to_idr`,`fst_active`,`fin_insert_id`,`fdt_insert_datetime`,`fin_update_id`,`fdt_update_datetime`) values (1,'IDR','2019-07-15',0.00,'A',4,'2019-07-15 15:08:10',NULL,NULL),(7,'YEN','2019-10-16',150.00,'A',4,'2019-07-23 12:53:56',NULL,NULL),(21,'SGD','2019-11-13',10341.86,'A',4,'2019-11-13 09:34:26',NULL,NULL),(24,'PHP','2019-11-13',276.95,'A',4,'2019-11-13 09:42:04',NULL,NULL),(29,'USD','1970-01-01',15000.00,'A',4,'2019-11-20 15:30:31',NULL,NULL),(30,'USD','2019-11-20',14250.00,'A',4,'2019-11-20 15:30:31',NULL,NULL),(46,'BHATT','2019-07-16',350.00,'A',4,'2019-12-05 09:48:12',NULL,NULL),(47,'BHATT','2019-09-10',450.00,'A',4,'2019-12-05 09:48:13',NULL,NULL),(48,'BHATT','2019-11-07',425.00,'A',4,'2019-12-05 09:48:13',NULL,NULL),(52,'MYR','1970-01-01',3300.00,'A',4,'2019-12-10 18:07:46',NULL,NULL),(53,'MYR','2019-12-10',2750.00,'A',4,'2019-12-10 18:07:46',NULL,NULL),(59,'KRW','2019-08-30',850.00,'A',4,'2019-12-10 18:27:23',NULL,NULL),(60,'KRW','2019-11-12',1500.00,'A',4,'2019-12-10 18:27:23',NULL,NULL),(62,'INR','2019-12-26',200.00,'A',4,'2019-12-26 13:57:17',NULL,NULL);

/*Table structure for table `mscustpricinggroups` */

DROP TABLE IF EXISTS `mscustpricinggroups`;

CREATE TABLE `mscustpricinggroups` (
  `fin_cust_pricing_group_id` int(11) NOT NULL AUTO_INCREMENT,
  `fst_cust_pricing_group_name` varchar(100) NOT NULL,
  `fdc_percent_of_price_list` decimal(12,2) NOT NULL DEFAULT 100.00,
  `fdc_difference_in_amount` decimal(12,2) NOT NULL DEFAULT 0.00,
  `fst_active` enum('A','S','D') NOT NULL,
  `fin_insert_id` int(11) NOT NULL,
  `fdt_insert_datetime` datetime NOT NULL,
  `fin_update_id` int(11) DEFAULT NULL,
  `fdt_update_datetime` datetime DEFAULT NULL,
  PRIMARY KEY (`fin_cust_pricing_group_id`)
) ENGINE=InnoDB AUTO_INCREMENT=12 DEFAULT CHARSET=utf8;

/*Data for the table `mscustpricinggroups` */

insert  into `mscustpricinggroups`(`fin_cust_pricing_group_id`,`fst_cust_pricing_group_name`,`fdc_percent_of_price_list`,`fdc_difference_in_amount`,`fst_active`,`fin_insert_id`,`fdt_insert_datetime`,`fin_update_id`,`fdt_update_datetime`) values (1,'Retail',100.00,0.00,'A',1,'2019-05-02 17:10:22',12,'2019-08-21 11:54:20'),(2,'Hypermarket',100.00,0.00,'A',1,'2019-05-02 17:22:01',12,'2019-08-21 11:54:45'),(3,'Grosir',100.00,0.00,'A',1,'2019-05-02 17:53:36',12,'2019-08-21 11:55:03'),(4,'Sekolah/PO',100.00,0.00,'A',4,'2019-05-02 18:07:24',12,'2019-08-21 11:55:38'),(5,'MT Lokal',100.00,0.00,'A',4,'2019-05-03 09:01:41',12,'2019-08-21 11:56:09'),(6,'Group SMM/Internal',100.00,0.00,'A',4,'2019-05-03 09:23:48',1,'2019-08-21 10:54:15');

/*Table structure for table `msgroupitems` */

DROP TABLE IF EXISTS `msgroupitems`;

CREATE TABLE `msgroupitems` (
  `fin_item_group_id` int(11) NOT NULL AUTO_INCREMENT,
  `fst_item_group_name` varchar(100) NOT NULL,
  `fin_parent_item_group_id` int(11) DEFAULT NULL,
  `fst_tree_id` varchar(100) DEFAULT NULL,
  `fin_pcc_id` int(11) DEFAULT NULL,
  `fst_active` enum('A','S','D') NOT NULL,
  `fin_insert_id` int(11) NOT NULL,
  `fdt_insert_datetime` datetime NOT NULL,
  `fin_update_id` int(11) DEFAULT NULL,
  `fdt_update_datetime` datetime DEFAULT NULL,
  PRIMARY KEY (`fin_item_group_id`)
) ENGINE=InnoDB AUTO_INCREMENT=135 DEFAULT CHARSET=utf8;

/*Data for the table `msgroupitems` */

insert  into `msgroupitems`(`fin_item_group_id`,`fst_item_group_name`,`fin_parent_item_group_id`,`fst_tree_id`,`fin_pcc_id`,`fst_active`,`fin_insert_id`,`fdt_insert_datetime`,`fin_update_id`,`fdt_update_datetime`) values (97,'GREEBEL',NULL,NULL,1,'A',1,'2019-11-08 16:29:32',NULL,NULL),(98,'STATIONARY',97,'97.98',NULL,'A',1,'2019-11-08 16:29:56',NULL,NULL),(99,'PENCIL',98,'97.98.99',NULL,'A',1,'2019-11-11 08:10:50',NULL,NULL),(100,'OTHER STATIONARY',98,'97.98.100',NULL,'A',1,'2019-11-11 08:10:53',NULL,NULL),(101,'CRAYON',98,'97.98.101',NULL,'A',1,'2019-11-11 08:11:15',NULL,NULL),(102,'UMUM',NULL,NULL,4,'A',1,'2019-11-11 08:11:19',NULL,NULL),(103,'STATIONARY',102,'102.103',NULL,'A',1,'2019-11-11 08:11:23',NULL,NULL),(104,'CRAYON',103,'102.103.104',NULL,'A',1,'2019-11-11 08:11:28',NULL,NULL),(105,'FANCY',102,'102.105',NULL,'A',1,'2019-11-11 08:11:32',NULL,NULL),(106,'FANCY',105,'102.105.106',NULL,'A',1,'2019-11-11 08:11:12',NULL,NULL),(107,'GLUE',98,'97.98.107',NULL,'A',1,'2019-11-11 08:10:57',NULL,NULL),(108,'PAKET UJIAN',98,'97.98.108',NULL,'A',1,'2019-11-11 08:11:01',NULL,NULL),(109,'OTHER STATIONARY',103,'102.103.109',NULL,'A',1,'2019-11-11 08:11:08',NULL,NULL),(110,'SERUTAN',98,'97.98.110',NULL,'A',1,'2019-11-11 08:11:05',NULL,NULL),(111,'PRODUKSI',NULL,NULL,3,'A',1,'2019-11-11 08:10:41',NULL,NULL),(112,'PRODUKSI',111,'111.112',NULL,'A',1,'2019-11-11 08:12:27',NULL,NULL),(113,'BAHAN BAKU',112,'111.112.113',NULL,'A',1,'2019-11-11 08:12:59',NULL,NULL),(114,'DUS',103,'102.103.114',NULL,'A',1,'2019-11-11 10:19:40',NULL,NULL),(115,'PENSIL WARNA',98,'97.98.115',NULL,'A',1,'2019-11-11 10:53:45',NULL,NULL),(116,'PENCIL CASE',103,'102.103.116',NULL,'A',1,'2019-11-11 11:23:39',NULL,NULL),(117,'PENGHAPUS',98,'97.98.117',NULL,'A',1,'2019-11-11 11:44:46',NULL,NULL),(118,'PENGGARIS',98,'97.98.118',NULL,'A',1,'2019-11-11 11:55:30',NULL,NULL),(119,'UMUM',102,'102.119',NULL,'A',1,'2019-11-11 13:16:14',NULL,NULL),(120,'UMUM',119,'102.119.120',NULL,'A',1,'2019-11-11 13:16:59',NULL,NULL),(121,'PROMO',NULL,NULL,2,'A',1,'2019-11-11 14:18:18',NULL,NULL),(122,'PROMO',121,'121.122',NULL,'A',1,'2019-11-11 14:19:01',NULL,NULL),(123,'PROMO',122,'121.122.123',NULL,'A',1,'2019-11-11 14:19:25',NULL,NULL),(124,'HASIL PRODUKSI',112,'111.112.124',NULL,'A',1,'2019-11-11 15:44:25',NULL,NULL),(125,'JASA',112,'111.112.125',NULL,'A',1,'2019-11-11 15:46:13',NULL,NULL),(126,'GUNTING',98,'97.98.126',NULL,'A',1,'2019-11-11 15:50:48',NULL,NULL),(127,'CORRECTION PEN',98,'97.98.127',NULL,'A',1,'2019-11-11 16:05:18',NULL,NULL),(128,'DUS',98,'97.98.128',NULL,'A',1,'2019-11-11 16:07:26',NULL,NULL),(129,'PULPEN',98,'97.98.129',NULL,'A',1,'2019-11-11 16:07:58',NULL,NULL),(130,'TIPE X',98,'97.98.130',NULL,'A',1,'2019-11-11 16:09:29',NULL,NULL),(131,'GLUE',103,'102.103.131',NULL,'A',1,'2019-11-12 12:09:37',NULL,NULL),(132,'OTHER FANCY',105,'102.105.132',NULL,'A',1,'2019-11-12 14:34:47',NULL,NULL),(133,'CORRECTION PEN',103,'102.102.133',NULL,'A',0,'0000-00-00 00:00:00',NULL,NULL);

/*Table structure for table `msitembomdetails` */

DROP TABLE IF EXISTS `msitembomdetails`;

CREATE TABLE `msitembomdetails` (
  `fin_rec_id` int(11) NOT NULL AUTO_INCREMENT,
  `fin_item_id` int(11) DEFAULT NULL,
  `fin_item_id_bom` int(10) DEFAULT NULL COMMENT '*BOM:Bill Of Material',
  `fst_unit` varchar(100) DEFAULT NULL,
  `fst_active` enum('A','S','D') NOT NULL,
  `fin_insert_id` int(11) NOT NULL,
  `fdt_insert_datetime` datetime NOT NULL,
  `fin_update_id` int(11) DEFAULT NULL,
  `fdt_update_datetime` datetime DEFAULT NULL,
  PRIMARY KEY (`fin_rec_id`)
) ENGINE=InnoDB AUTO_INCREMENT=875 DEFAULT CHARSET=utf8;

/*Data for the table `msitembomdetails` */

insert  into `msitembomdetails`(`fin_rec_id`,`fin_item_id`,`fin_item_id_bom`,`fst_unit`,`fst_active`,`fin_insert_id`,`fdt_insert_datetime`,`fin_update_id`,`fdt_update_datetime`) values (635,69,69,'PCS','A',4,'2019-11-11 12:19:19',NULL,NULL),(636,69,84,'PCS','A',4,'2019-11-11 12:19:19',NULL,NULL),(637,69,85,'PCS','A',4,'2019-11-11 12:19:19',NULL,NULL),(639,86,73,'PCS','A',4,'2019-11-11 13:21:54',NULL,NULL),(640,86,87,'PCS','A',4,'2019-11-11 13:21:55',NULL,NULL),(641,86,88,'PCS','A',4,'2019-11-11 13:21:55',NULL,NULL),(642,86,89,'PCS','A',4,'2019-11-11 13:21:55',NULL,NULL),(643,86,90,'PCS','A',4,'2019-11-11 13:21:55',NULL,NULL),(644,91,92,'PCS','A',4,'2019-11-11 13:43:50',NULL,NULL),(645,91,93,'PCS','A',4,'2019-11-11 13:43:50',NULL,NULL),(646,91,90,'PCS','A',4,'2019-11-11 13:43:51',NULL,NULL),(668,94,71,'PCS','A',4,'2019-11-11 15:35:18',NULL,NULL),(669,94,95,'SET','A',4,'2019-11-11 15:35:18',NULL,NULL),(670,94,64,'PCS','A',4,'2019-11-11 15:35:18',NULL,NULL),(671,94,90,'PCS','A',4,'2019-11-11 15:35:18',NULL,NULL),(672,94,97,'PCS','A',4,'2019-11-11 15:35:18',NULL,NULL),(673,94,101,'PCS','A',4,'2019-11-11 15:35:18',NULL,NULL),(674,94,98,'SET','A',4,'2019-11-11 15:35:18',NULL,NULL),(675,94,96,'PCS','A',4,'2019-11-11 15:35:18',NULL,NULL),(716,174,82,'PCS','A',4,'2019-11-12 18:14:18',NULL,NULL),(717,174,81,'PCS','A',4,'2019-11-12 18:14:19',NULL,NULL),(718,174,175,'PCS','A',4,'2019-11-12 18:14:19',NULL,NULL),(719,176,80,'PCS','A',4,'2019-11-12 18:16:36',NULL,NULL),(720,176,73,'PCS','A',4,'2019-11-12 18:16:36',NULL,NULL),(721,176,82,'PCS','A',4,'2019-11-12 18:16:36',NULL,NULL),(722,176,87,'PCS','A',4,'2019-11-12 18:16:36',NULL,NULL),(723,176,177,'PCS','A',4,'2019-11-12 18:16:36',NULL,NULL),(724,178,179,'PCS','A',4,'2019-11-13 14:05:58',NULL,NULL),(725,178,93,'PCS','A',4,'2019-11-13 14:05:58',NULL,NULL),(726,178,90,'PCS','A',4,'2019-11-13 14:05:58',NULL,NULL),(734,107,73,'PCS','A',4,'2019-11-15 11:36:33',NULL,NULL),(735,107,89,'PCS','A',4,'2019-11-15 11:36:33',NULL,NULL),(736,107,90,'PCS','A',4,'2019-11-15 11:36:33',NULL,NULL),(737,107,108,'PCS','A',4,'2019-11-15 11:36:33',NULL,NULL),(745,68,80,'PCS','A',4,'2019-11-15 14:39:40',NULL,NULL),(746,68,73,'PCS','A',4,'2019-11-15 14:39:40',NULL,NULL),(747,68,81,'PCS','A',4,'2019-11-15 14:39:40',NULL,NULL),(748,68,82,'PCS','A',4,'2019-11-15 14:39:40',NULL,NULL),(749,68,83,'PCS','A',4,'2019-11-15 14:39:40',NULL,NULL),(752,109,110,'LBR','A',4,'2019-11-15 15:11:22',NULL,NULL),(753,109,111,'PCS','A',4,'2019-11-15 15:11:23',NULL,NULL),(754,109,112,'PCS','A',4,'2019-11-15 15:11:23',NULL,NULL),(755,109,113,'PCS','A',4,'2019-11-15 15:11:23',NULL,NULL),(756,109,114,'PCS','A',4,'2019-11-15 15:11:23',NULL,NULL),(757,109,115,'PCS','A',4,'2019-11-15 15:11:23',NULL,NULL),(758,109,116,'PCS','A',4,'2019-11-15 15:11:23',NULL,NULL),(759,109,117,'PCS','A',4,'2019-11-15 15:11:23',NULL,NULL),(760,180,87,'PCS','A',4,'2019-11-15 15:23:16',NULL,NULL),(761,181,87,'PCS','A',4,'2019-11-15 15:24:43',NULL,NULL),(762,181,93,'PCS','A',4,'2019-11-15 15:24:43',NULL,NULL),(763,181,90,'PCS','A',4,'2019-11-15 15:24:44',NULL,NULL),(860,98,99,'SET','A',4,'2019-11-27 15:40:33',NULL,NULL),(861,98,100,'PCS','A',4,'2019-11-27 15:40:33',NULL,NULL),(862,62,73,'PCS','A',4,'2019-12-06 09:36:22',NULL,NULL),(863,62,74,'PCS','A',4,'2019-12-06 09:36:22',NULL,NULL),(864,62,75,'PCS','A',4,'2019-12-06 09:36:22',NULL,NULL),(865,62,76,'LBR','A',4,'2019-12-06 09:36:23',NULL,NULL),(866,62,77,'PCS','A',4,'2019-12-06 09:36:23',NULL,NULL),(867,63,78,'SET','A',4,'2019-12-06 09:39:46',NULL,NULL),(868,63,79,'PCS','A',4,'2019-12-06 09:39:46',NULL,NULL),(870,189,115,'PCS','A',12,'2019-12-10 17:52:25',NULL,NULL),(873,191,78,'SET','A',4,'2019-12-20 10:05:59',NULL,NULL),(874,191,79,'PCS','A',4,'2019-12-20 10:05:59',NULL,NULL);

/*Table structure for table `msitemdetails` */

DROP TABLE IF EXISTS `msitemdetails`;

CREATE TABLE `msitemdetails` (
  `fin_rec_id` bigint(20) NOT NULL AUTO_INCREMENT,
  `fin_warehouse_id` int(11) DEFAULT NULL,
  `fin_item_id` int(11) DEFAULT NULL,
  `fst_basic_unit` varchar(100) DEFAULT NULL,
  `fst_serial_no` varchar(100) DEFAULT NULL,
  `fst_batch_no` varchar(100) DEFAULT NULL,
  `fst_trans_type` enum('PPB','RPB','PPJ','SRT') DEFAULT NULL COMMENT 'PPB:Penerimaan Pembelian | RPB : Retur Pembelian ; PPJ:Pengeluaran Penjualan | SRT: Sales Return',
  `fin_trans_id` int(11) DEFAULT NULL,
  `fst_trans_no` varchar(100) DEFAULT NULL,
  `fin_trans_detail_id` int(11) DEFAULT NULL,
  `fdb_qty_in` double(12,2) DEFAULT 0.00,
  `fdb_qty_out` double(12,2) DEFAULT 0.00,
  `fst_active` enum('A','S','D') DEFAULT NULL,
  `fin_insert_id` int(11) DEFAULT NULL,
  `fdt_insert_datetime` datetime DEFAULT NULL,
  `fin_update_id` int(11) DEFAULT NULL,
  `fdt_update_datetime` datetime DEFAULT NULL,
  PRIMARY KEY (`fin_rec_id`),
  UNIQUE KEY `idx_serial_no` (`fst_serial_no`,`fin_item_id`,`fst_batch_no`,`fst_trans_type`),
  KEY `idx_batch_no` (`fst_batch_no`)
) ENGINE=InnoDB AUTO_INCREMENT=425 DEFAULT CHARSET=latin1;

/*Data for the table `msitemdetails` */

insert  into `msitemdetails`(`fin_rec_id`,`fin_warehouse_id`,`fin_item_id`,`fst_basic_unit`,`fst_serial_no`,`fst_batch_no`,`fst_trans_type`,`fin_trans_id`,`fst_trans_no`,`fin_trans_detail_id`,`fdb_qty_in`,`fdb_qty_out`,`fst_active`,`fin_insert_id`,`fdt_insert_datetime`,`fin_update_id`,`fdt_update_datetime`) values (246,1,84,'PCS',NULL,'A4-RCBG','PPB',63,'GUD/JKT/2019/12/00002',127,150.00,0.00,'A',4,'2019-12-27 15:05:46',NULL,NULL),(247,1,72,'PCS',NULL,'A4-MBGG/SC02','PPB',63,'GUD/JKT/2019/12/00002',128,100.00,0.00,'A',4,'2019-12-27 15:05:47',NULL,NULL),(248,1,80,'PCS',NULL,'A4-PCPU','PPB',63,'GUD/JKT/2019/12/00002',129,100.00,0.00,'A',4,'2019-12-27 15:05:47',NULL,NULL),(249,1,83,'PCS',NULL,'A4-PGPM','PPB',63,'GUD/JKT/2019/12/00002',130,100.00,0.00,'A',4,'2019-12-27 15:05:47',NULL,NULL),(250,1,85,'PCS',NULL,'A4-NAIL','PPB',63,'GUD/JKT/2019/12/00002',131,150.00,0.00,'A',4,'2019-12-27 15:05:48',NULL,NULL),(251,1,81,'PCS',NULL,'A4-GS102','PPB',63,'GUD/JKT/2019/12/00002',132,100.00,0.00,'A',4,'2019-12-27 15:05:48',NULL,NULL),(252,1,70,'SET',NULL,'A4-GOP','PPB',63,'GUD/JKT/2019/12/00002',133,100.00,0.00,'A',4,'2019-12-27 15:05:49',NULL,NULL),(253,1,71,'PCS',NULL,'A4-GS103','PPB',63,'GUD/JKT/2019/12/00002',134,100.00,0.00,'A',4,'2019-12-27 15:05:49',NULL,NULL),(254,1,73,'PCS',NULL,'A4-GP7018','PPB',63,'GUD/JKT/2019/12/00002',135,100.00,0.00,'A',4,'2019-12-27 15:05:50',NULL,NULL),(255,1,82,'PCS',NULL,'A4-GEGBW','PPB',63,'GUD/JKT/2019/12/00002',136,100.00,0.00,'A',4,'2019-12-27 15:05:50',NULL,NULL),(256,1,70,'SET',NULL,'A4-GOP','RPB',51,'SJ/JKT/2019/12/00001',97,0.00,2.00,'A',4,'2019-12-27 15:15:11',NULL,NULL),(257,1,71,'PCS',NULL,'A4-GS103','RPB',51,'SJ/JKT/2019/12/00001',98,0.00,2.00,'A',4,'2019-12-27 15:15:11',NULL,NULL),(258,1,72,'PCS',NULL,'A4-MBGG/SC02','RPB',51,'SJ/JKT/2019/12/00001',99,0.00,2.00,'A',4,'2019-12-27 15:15:11',NULL,NULL),(259,1,73,'PCS',NULL,'A4-GP7018','RPB',51,'SJ/JKT/2019/12/00001',100,0.00,2.00,'A',4,'2019-12-27 15:15:12',NULL,NULL),(260,1,80,'PCS',NULL,'A4-PCPU','RPB',51,'SJ/JKT/2019/12/00001',101,0.00,2.00,'A',4,'2019-12-27 15:15:12',NULL,NULL),(261,1,81,'PCS',NULL,'A4-GS102','RPB',51,'SJ/JKT/2019/12/00001',102,0.00,2.00,'A',4,'2019-12-27 15:15:12',NULL,NULL),(262,1,82,'PCS',NULL,'A4-GEGBW','RPB',51,'SJ/JKT/2019/12/00001',103,0.00,2.00,'A',4,'2019-12-27 15:15:12',NULL,NULL),(263,1,83,'PCS',NULL,'A4-PGPM','RPB',51,'SJ/JKT/2019/12/00001',104,0.00,2.00,'A',4,'2019-12-27 15:15:12',NULL,NULL),(264,1,84,'PCS',NULL,'A4-RCBG','RPB',51,'SJ/JKT/2019/12/00001',105,0.00,2.00,'A',4,'2019-12-27 15:15:12',NULL,NULL),(265,1,85,'PCS',NULL,'A4-NAIL','RPB',51,'SJ/JKT/2019/12/00001',106,0.00,2.00,'A',4,'2019-12-27 15:15:12',NULL,NULL),(266,1,68,'SET',NULL,'A4-GPUP','PPB',64,'GUD/JKT/2019/12/00003',137,100.00,0.00,'A',4,'2019-12-27 15:48:48',NULL,NULL),(267,1,65,'TAB',NULL,'A4-CTZC/012','PPB',64,'GUD/JKT/2019/12/00003',138,100.00,0.00,'A',4,'2019-12-27 15:48:48',NULL,NULL),(268,1,67,'BOX',NULL,'A4-GWG/35ML','PPB',64,'GUD/JKT/2019/12/00003',139,10.00,0.00,'A',4,'2019-12-27 15:48:49',NULL,NULL),(269,1,62,'SET',NULL,'A4-GP7018','PPB',64,'GUD/JKT/2019/12/00003',140,100.00,0.00,'A',4,'2019-12-27 15:48:49',NULL,NULL),(270,1,63,'SET',NULL,'A4-GPSL/3736','PPB',64,'GUD/JKT/2019/12/00003',141,100.00,0.00,'A',4,'2019-12-27 15:48:49',NULL,NULL),(271,1,64,'PCS',NULL,'A4-GPBM/2520','PPB',64,'GUD/JKT/2019/12/00003',142,100.00,0.00,'A',4,'2019-12-27 15:48:49',NULL,NULL),(272,1,67,'BOX',NULL,'A4-GWG/35ML','RPB',52,'SJ/JKT/2019/12/00002',107,0.00,2.00,'A',4,'2019-12-27 15:58:15',NULL,NULL),(273,1,86,'SET',NULL,'A4-GS4IN1','PPB',65,'GUD/JKT/2019/12/00004',143,100.00,0.00,'A',4,'2019-12-27 16:05:29',NULL,NULL),(274,1,91,'SET',NULL,'A4-GGS/8G','PPB',65,'GUD/JKT/2019/12/00004',144,100.00,0.00,'A',4,'2019-12-27 16:05:29',NULL,NULL),(275,1,94,'SET',NULL,'A4-GPT2017','PPB',65,'GUD/JKT/2019/12/00004',145,100.00,0.00,'A',4,'2019-12-27 16:05:29',NULL,NULL),(276,1,87,'PCS',NULL,'A4-GS102','PPB',65,'GUD/JKT/2019/12/00004',146,40.00,0.00,'A',4,'2019-12-27 16:05:29',NULL,NULL),(277,1,88,'PCS',NULL,'A4-GEGBW','PPB',65,'GUD/JKT/2019/12/00004',147,100.00,0.00,'A',4,'2019-12-27 16:05:29',NULL,NULL),(278,1,92,'PCS',NULL,'A4-GGS/8G','PPB',65,'GUD/JKT/2019/12/00004',148,100.00,0.00,'A',4,'2019-12-27 16:05:29',NULL,NULL),(279,1,90,'PCS',NULL,'A4-KBRCODE','PPB',65,'GUD/JKT/2019/12/00004',149,300.00,0.00,'A',4,'2019-12-27 16:05:29',NULL,NULL),(280,1,90,'PCS',NULL,'A4-KBRCODE','RPB',53,'SJ/JKT/2019/12/00003',108,0.00,25.00,'A',4,'2019-12-27 16:11:41',NULL,NULL),(281,2,104,'GRS',NULL,'A4-PLOM/11B','PPB',66,'GUD/JKT/2019/12/00005',150,85.00,0.00,'A',4,'2019-12-27 16:28:47',NULL,NULL),(282,2,174,'SET',NULL,'A4-GS7019','PPB',66,'GUD/JKT/2019/12/00005',151,100.00,0.00,'A',4,'2019-12-27 16:28:47',NULL,NULL),(283,2,95,'SET',NULL,'A4-GOP','PPB',66,'GUD/JKT/2019/12/00005',152,100.00,0.00,'A',4,'2019-12-27 16:28:47',NULL,NULL),(284,2,96,'PCS',NULL,'A4-GEGBB','PPB',66,'GUD/JKT/2019/12/00005',153,100.00,0.00,'A',4,'2019-12-27 16:28:47',NULL,NULL),(285,2,97,'PCS',NULL,'A4-GGS/21G','PPB',66,'GUD/JKT/2019/12/00005',154,100.00,0.00,'A',4,'2019-12-27 16:28:47',NULL,NULL),(286,2,187,'PCS',NULL,'A4-GHP/7026','PPB',66,'GUD/JKT/2019/12/00005',155,100.00,0.00,'A',4,'2019-12-27 16:28:47',NULL,NULL),(287,2,98,'SET',NULL,'A4-GPBC/7206','PPB',66,'GUD/JKT/2019/12/00005',156,100.00,0.00,'A',4,'2019-12-27 16:28:47',NULL,NULL),(288,2,191,'SET',NULL,'A4-GWCP/6712','PPB',66,'GUD/JKT/2019/12/00005',157,100.00,0.00,'A',4,'2019-12-27 16:28:47',NULL,NULL),(289,2,174,'SET',NULL,'A4-GS7019','RPB',54,'SJ/JKT/2019/12/00004',109,0.00,10.00,'A',4,'2019-12-27 16:36:35',NULL,NULL),(290,1,63,'SET',NULL,'A4-GPSL/3736','PPJ',55,'SJ/JKT/2019/12/00005',110,0.00,12.00,'A',4,'2019-12-27 16:43:33',NULL,NULL),(291,1,68,'SET',NULL,'A4-GPUP','PPJ',55,'SJ/JKT/2019/12/00005',111,0.00,12.00,'A',4,'2019-12-27 16:43:33',NULL,NULL),(292,1,63,'SET',NULL,'A4-GPSL/3736','SRT',67,'GUD/JKT/2019/12/00006',158,2.00,0.00,'A',4,'2019-12-27 16:47:36',NULL,NULL),(293,2,72,'PCS',NULL,'A4-MBGG/SC02','PPB',68,'GUD/JKT/2019/12/00007',159,100.00,0.00,'A',4,'2019-12-27 16:58:58',NULL,NULL),(294,2,80,'PCS',NULL,'A4-PCPU','PPB',68,'GUD/JKT/2019/12/00007',160,100.00,0.00,'A',4,'2019-12-27 16:58:58',NULL,NULL),(295,2,68,'SET',NULL,'A4-GPUP','PPB',68,'GUD/JKT/2019/12/00007',161,100.00,0.00,'A',4,'2019-12-27 16:58:58',NULL,NULL),(296,2,65,'TAB',NULL,'A4-CTZC/012','PPB',68,'GUD/JKT/2019/12/00007',162,100.00,0.00,'A',4,'2019-12-27 16:58:58',NULL,NULL),(297,2,70,'SET',NULL,'A4-GOP','PPB',68,'GUD/JKT/2019/12/00007',163,100.00,0.00,'A',4,'2019-12-27 16:58:58',NULL,NULL),(298,2,71,'PCS',NULL,'A4-GS103','PPB',68,'GUD/JKT/2019/12/00007',164,100.00,0.00,'A',4,'2019-12-27 16:58:58',NULL,NULL),(299,2,73,'PCS',NULL,'A4-GP7018','PPB',68,'GUD/JKT/2019/12/00007',165,100.00,0.00,'A',4,'2019-12-27 16:58:58',NULL,NULL),(300,2,62,'SET',NULL,'A4-GP7018','PPB',68,'GUD/JKT/2019/12/00007',166,100.00,0.00,'A',4,'2019-12-27 16:58:58',NULL,NULL),(301,2,63,'SET',NULL,'A4-GPSL/3736','PPB',68,'GUD/JKT/2019/12/00007',167,100.00,0.00,'A',4,'2019-12-27 16:58:58',NULL,NULL),(302,2,64,'PCS',NULL,'A4-GPBM/2520','PPB',68,'GUD/JKT/2019/12/00007',168,100.00,0.00,'A',4,'2019-12-27 16:58:58',NULL,NULL),(303,2,68,'SET',NULL,'A4-GPUP','RPB',56,'SJ/JKT/2019/12/00006',112,0.00,10.00,'A',4,'2019-12-27 17:05:51',NULL,NULL),(304,1,91,'SET',NULL,'A4-GGS/8G','PPJ',57,'SJ/JKT/2019/12/00007',113,0.00,12.00,'A',4,'2019-12-27 17:14:11',NULL,NULL),(305,1,64,'PCS',NULL,'A4-GPBM/2520','PPJ',57,'SJ/JKT/2019/12/00007',114,0.00,12.00,'A',4,'2019-12-27 17:14:11',NULL,NULL),(306,1,68,'SET',NULL,'A4-GPUP','PPJ',58,'SJ/JKT/2019/12/00007',115,0.00,12.00,'A',4,'2019-12-27 17:32:40',NULL,NULL),(307,1,72,'PCS',NULL,'A4-MBGG/SC02','PPJ',58,'SJ/JKT/2019/12/00007',116,0.00,12.00,'A',4,'2019-12-27 17:32:40',NULL,NULL),(308,1,72,'PCS',NULL,'A4-MBGG/SC02','SRT',69,'GUD/JKT/2019/12/00008',169,1.00,0.00,'A',4,'2019-12-27 17:36:09',NULL,NULL),(309,1,68,'SET',NULL,'A4-GPUP','SRT',69,'GUD/JKT/2019/12/00008',170,1.00,0.00,'A',4,'2019-12-27 17:36:09',NULL,NULL),(310,2,84,'PCS',NULL,'A4-RCBG','PPB',70,'GUD/JKT/2019/12/00009',171,100.00,0.00,'A',4,'2019-12-27 17:59:21',NULL,NULL),(311,2,86,'SET',NULL,'A4-GS4IN1','PPB',70,'GUD/JKT/2019/12/00009',172,80.00,0.00,'A',4,'2019-12-27 17:59:21',NULL,NULL),(312,2,91,'SET',NULL,'A4-GGS/8G','PPB',70,'GUD/JKT/2019/12/00009',173,100.00,0.00,'A',4,'2019-12-27 17:59:21',NULL,NULL),(313,2,83,'PCS',NULL,'A4-PGPM','PPB',70,'GUD/JKT/2019/12/00009',174,100.00,0.00,'A',4,'2019-12-27 17:59:21',NULL,NULL),(314,2,94,'SET',NULL,'A4-GPT2017','PPB',70,'GUD/JKT/2019/12/00009',175,100.00,0.00,'A',4,'2019-12-27 17:59:21',NULL,NULL),(315,2,81,'PCS',NULL,'A4-GS102','PPB',70,'GUD/JKT/2019/12/00009',176,100.00,0.00,'A',4,'2019-12-27 17:59:21',NULL,NULL),(316,2,88,'PCS',NULL,'A4-GEGBW','PPB',70,'GUD/JKT/2019/12/00009',177,100.00,0.00,'A',4,'2019-12-27 17:59:21',NULL,NULL),(317,2,82,'PCS',NULL,'A4-GEGBW','PPB',70,'GUD/JKT/2019/12/00009',178,100.00,0.00,'A',4,'2019-12-27 17:59:21',NULL,NULL),(318,1,107,'SET',NULL,'A4-GP7018/EGBB/240','PPB',71,'GUD/JKT/2019/12/00010',179,100.00,0.00,'A',4,'2019-12-27 18:02:29',NULL,NULL),(319,1,62,'SET',NULL,'A4-GP7018','PPB',71,'GUD/JKT/2019/12/00010',180,100.00,0.00,'A',4,'2019-12-27 18:02:29',NULL,NULL),(320,1,64,'PCS',NULL,'A4-GPBM/2520','PPB',71,'GUD/JKT/2019/12/00010',181,100.00,0.00,'A',4,'2019-12-27 18:02:29',NULL,NULL),(321,2,82,'PCS',NULL,'A4-GEGBW','RPB',59,'SJ/JKT/2019/12/00008',117,0.00,2.00,'A',4,'2019-12-27 18:12:19',NULL,NULL),(322,2,86,'SET',NULL,'A4-GS4IN1','RPB',59,'SJ/JKT/2019/12/00008',118,0.00,2.00,'A',4,'2019-12-27 18:12:19',NULL,NULL),(323,1,107,'SET',NULL,'A4-GP7018/EGBB/240','RPB',60,'SJ/JKT/2019/12/00009',119,0.00,10.00,'A',4,'2019-12-27 18:12:57',NULL,NULL),(324,2,63,'SET',NULL,'A4-GPSL/3736','PPJ',61,'SJ/JKT/2020/01/00001',120,0.00,4.00,'A',4,'2020-01-02 10:55:20',NULL,NULL),(325,2,62,'SET',NULL,'A4-GP7018','PPJ',61,'SJ/JKT/2020/01/00001',121,0.00,5.00,'A',4,'2020-01-02 10:55:20',NULL,NULL),(326,2,187,'PCS',NULL,'A4-GHP/7026','PPJ',61,'SJ/JKT/2020/01/00001',122,0.00,10.00,'A',4,'2020-01-02 10:55:20',NULL,NULL),(327,2,187,'PCS',NULL,'A4-GHP/7026','SRT',72,'GUD/JKT/2020/01/00001',182,2.00,0.00,'A',4,'2020-01-02 11:02:07',NULL,NULL),(328,2,186,'LSN',NULL,'A4-CPW/004','PPB',73,'GUD/JKT/2020/01/00002',183,100.00,0.00,'A',4,'2020-01-02 11:17:43',NULL,NULL),(329,2,186,'LSN',NULL,'A4-CPW/004','RPB',62,'SJ/JKT/2020/01/00002',123,0.00,2.00,'A',4,'2020-01-02 11:24:06',NULL,NULL),(330,2,63,'SET',NULL,'A4-GPSL/3736','PPJ',63,'SJ/JKT/2020/01/00003',124,0.00,10.00,'A',4,'2020-01-02 11:40:28',NULL,NULL),(331,2,187,'PCS',NULL,'A4-GHP/7026','PPJ',63,'SJ/JKT/2020/01/00003',125,0.00,12.00,'A',4,'2020-01-02 11:40:28',NULL,NULL),(332,2,98,'SET',NULL,'A4-GPBC/7206','PPJ',63,'SJ/JKT/2020/01/00003',126,0.00,10.00,'A',4,'2020-01-02 11:40:28',NULL,NULL),(333,2,186,'LSN',NULL,'A4-CPW/004','PPJ',63,'SJ/JKT/2020/01/00003',127,0.00,1.00,'A',4,'2020-01-02 11:40:28',NULL,NULL),(335,2,101,'PCS',NULL,'A4-CBNFS','PPB',75,'GUD/JKT/2020/01/00004',185,200.00,0.00,'A',4,'2020-01-02 14:16:37',NULL,NULL),(336,2,101,'PCS',NULL,'A4-CBNFS','RPB',64,'SJ/JKT/2020/01/00003',130,0.00,2.00,'A',4,'2020-01-02 14:19:57',NULL,NULL),(337,2,63,'SET',NULL,'A4-GPSL/3736','PPJ',65,'SJ/JKT/2020/01/00004',131,0.00,5.00,'A',4,'2020-01-02 14:27:13',NULL,NULL),(338,2,191,'SET',NULL,'A4-GWCP/6712','PPJ',65,'SJ/JKT/2020/01/00004',132,0.00,12.00,'A',4,'2020-01-02 14:27:13',NULL,NULL),(339,2,98,'SET',NULL,'A4-GPBC/7206','PPJ',65,'SJ/JKT/2020/01/00004',133,0.00,12.00,'A',4,'2020-01-02 14:27:13',NULL,NULL),(340,2,186,'LSN',NULL,'A4-CPW/004','PPJ',65,'SJ/JKT/2020/01/00004',134,0.00,1.00,'A',4,'2020-01-02 14:27:13',NULL,NULL),(341,2,101,'PCS',NULL,'A4-CBNFS','PPJ',65,'SJ/JKT/2020/01/00004',136,0.00,1.00,'A',4,'2020-01-02 14:27:13',NULL,NULL),(342,2,191,'SET',NULL,'A4-GWCP/6712','SRT',76,'GUD/JKT/2020/01/00005',186,2.00,0.00,'A',4,'2020-01-02 14:38:05',NULL,NULL),(347,1,94,'SET',NULL,'A4-GPT2017','PPB',77,'GUD/JKT/2020/01/00006',187,100.00,0.00,'A',4,'2020-01-03 09:39:30',NULL,NULL),(348,1,107,'SET',NULL,'A4-GP7018/EGBB/240','PPB',77,'GUD/JKT/2020/01/00006',188,100.00,0.00,'A',4,'2020-01-03 09:39:30',NULL,NULL),(349,1,68,'SET',NULL,'A4-GPUP','PPB',77,'GUD/JKT/2020/01/00006',189,100.00,0.00,'A',4,'2020-01-03 09:39:30',NULL,NULL),(350,1,186,'LSN',NULL,'A4-CPW/004','PPB',77,'GUD/JKT/2020/01/00006',190,100.00,0.00,'A',4,'2020-01-03 09:39:30',NULL,NULL),(351,1,68,'SET',NULL,'A4-GPUP','RPB',66,'SJ/JKT/2020/01/00005',138,0.00,1.00,'A',4,'2020-01-03 09:44:13',NULL,NULL),(352,1,94,'SET',NULL,'A4-GPT2017','RPB',66,'SJ/JKT/2020/01/00005',139,0.00,1.00,'A',4,'2020-01-03 09:44:13',NULL,NULL),(353,1,107,'SET',NULL,'A4-GP7018/EGBB/240','RPB',66,'SJ/JKT/2020/01/00005',140,0.00,1.00,'A',4,'2020-01-03 09:44:13',NULL,NULL),(354,1,186,'LSN',NULL,'A4-CPW/004','RPB',66,'SJ/JKT/2020/01/00005',141,0.00,1.00,'A',4,'2020-01-03 09:44:13',NULL,NULL),(355,1,84,'PCS',NULL,'A4-RCBG','PPB',78,'GUD/JKT/2020/01/00007',191,2.00,0.00,'A',4,'2020-01-03 10:19:03',NULL,NULL),(356,1,72,'PCS',NULL,'A4-MBGG/SC02','PPB',78,'GUD/JKT/2020/01/00007',192,2.00,0.00,'A',4,'2020-01-03 10:19:03',NULL,NULL),(357,1,80,'PCS',NULL,'A4-PCPU','PPB',78,'GUD/JKT/2020/01/00007',193,2.00,0.00,'A',4,'2020-01-03 10:19:03',NULL,NULL),(358,1,83,'PCS',NULL,'A4-PGPM','PPB',78,'GUD/JKT/2020/01/00007',194,2.00,0.00,'A',4,'2020-01-03 10:19:03',NULL,NULL),(359,1,85,'PCS',NULL,'A4-NAIL','PPB',78,'GUD/JKT/2020/01/00007',195,2.00,0.00,'A',4,'2020-01-03 10:19:03',NULL,NULL),(360,1,81,'PCS',NULL,'A4-GS102','PPB',78,'GUD/JKT/2020/01/00007',196,2.00,0.00,'A',4,'2020-01-03 10:19:03',NULL,NULL),(361,1,70,'SET',NULL,'A4-GOP','PPB',78,'GUD/JKT/2020/01/00007',197,2.00,0.00,'A',4,'2020-01-03 10:19:03',NULL,NULL),(362,1,71,'PCS',NULL,'A4-GS103','PPB',78,'GUD/JKT/2020/01/00007',198,2.00,0.00,'A',4,'2020-01-03 10:19:03',NULL,NULL),(363,1,73,'PCS',NULL,'A4-GP7018','PPB',78,'GUD/JKT/2020/01/00007',199,2.00,0.00,'A',4,'2020-01-03 10:19:03',NULL,NULL),(364,1,82,'PCS',NULL,'A4-GEGBW','PPB',78,'GUD/JKT/2020/01/00007',200,2.00,0.00,'A',4,'2020-01-03 10:19:03',NULL,NULL),(365,2,186,'LSN',NULL,'A4-CPW/004','PPB',79,'GUD/JKT/2020/01/00008',201,2.00,0.00,'A',4,'2020-01-03 10:20:12',NULL,NULL),(366,1,84,'PCS',NULL,'A4-RCBG','RPB',67,'SJ/JKT/2020/01/00006',142,0.00,1.00,'A',4,'2020-01-03 10:34:48',NULL,NULL),(367,1,85,'PCS',NULL,'A4-NAIL','RPB',67,'SJ/JKT/2020/01/00006',143,0.00,1.00,'A',4,'2020-01-03 10:34:49',NULL,NULL),(368,2,186,'LSN',NULL,'A4-CPW/004','RPB',68,'SJ/JKT/2020/01/00007',144,0.00,1.00,'A',4,'2020-01-03 10:35:17',NULL,NULL),(369,1,69,'PCS',NULL,'A4-PUA4/B','PPB',80,'GUD/JKT/2020/01/00009',202,100.00,0.00,'A',4,'2020-01-03 11:01:08',NULL,NULL),(370,1,90,'PCS',NULL,'A4-KBRCODE','PPB',80,'GUD/JKT/2020/01/00009',203,100.00,0.00,'A',4,'2020-01-03 11:01:08',NULL,NULL),(371,1,64,'PCS',NULL,'A4-GPBM/2520','PPB',80,'GUD/JKT/2020/01/00009',204,100.00,0.00,'A',4,'2020-01-03 11:01:09',NULL,NULL),(372,1,64,'PCS',NULL,'A4-GPBM/2520','RPB',69,'SJ/JKT/2020/01/00008',145,0.00,1.00,'A',4,'2020-01-03 11:10:52',NULL,NULL),(373,1,177,'PCS',NULL,'A4-GBTB/0.5','PPB',81,'GUD/JKT/2020/01/00010',205,200.00,0.00,'A',4,'2020-01-03 13:48:32',NULL,NULL),(374,1,177,'PCS',NULL,'A4-GBTB/0.5','RPB',70,'SJ/JKT/2020/01/00009',146,0.00,2.00,'A',4,'2020-01-03 14:01:07',NULL,NULL),(375,1,118,'SET',NULL,'A4 - GAOP/36C','PPB',82,'GUD/JKT/2020/01/00011',206,200.00,0.00,'A',4,'2020-01-06 09:48:48',NULL,NULL),(376,1,118,'SET',NULL,'A4 - GAOP/36C','RPB',71,'SJ/JKT/2020/01/00010',147,0.00,2.00,'A',4,'2020-01-06 10:04:08',NULL,NULL),(377,1,118,'SET',NULL,'A4 - GAOP/36C','PPJ',72,'SJ/JKT/2020/01/00011',148,0.00,12.00,'A',4,'2020-01-06 10:24:19',NULL,NULL),(378,1,186,'LSN',NULL,'A4-CPW/004','PPJ',72,'SJ/JKT/2020/01/00011',149,0.00,1.00,'A',4,'2020-01-06 10:24:19',NULL,NULL),(379,1,63,'SET',NULL,'A4-GPSL/3736','PPJ',73,'SJ/JKT/2020/01/00012',152,0.00,12.00,'A',4,'2020-01-06 11:22:13',NULL,NULL),(380,1,68,'SET',NULL,'A4-GPUP','PPJ',73,'SJ/JKT/2020/01/00012',153,0.00,12.00,'A',4,'2020-01-06 11:22:13',NULL,NULL),(381,1,107,'SET',NULL,'A4-GP7018/EGBB/240','PPJ',74,'SJ/JKT/2020/01/00012',154,0.00,12.00,'A',4,'2020-01-06 11:37:18',NULL,NULL),(382,1,91,'SET',NULL,'A4-GGS/8G','PPJ',74,'SJ/JKT/2020/01/00012',155,0.00,12.00,'A',4,'2020-01-06 11:37:18',NULL,NULL),(383,1,186,'LSN',NULL,'A4-CPW/004','PPJ',74,'SJ/JKT/2020/01/00012',156,0.00,1.00,'A',4,'2020-01-06 11:37:18',NULL,NULL),(384,1,107,'SET',NULL,'A4-GP7018/EGBB/240','SRT',83,'GUD/JKT/2020/01/00012',207,1.00,0.00,'A',4,'2020-01-06 11:46:06',NULL,NULL),(385,1,118,'SET',NULL,'A4 - GAOP/36C','SRT',84,'GUD/JKT/2020/01/00013',208,1.00,0.00,'A',4,'2020-01-06 12:16:17',NULL,NULL),(386,1,118,'SET',NULL,'A4 - GAOP/36C','PPJ',75,'SJ/JKT/2020/01/00013',158,0.00,12.00,'A',4,'2020-01-06 13:43:01',NULL,NULL),(387,1,63,'SET',NULL,'A4-GPSL/3736','PPJ',75,'SJ/JKT/2020/01/00013',159,0.00,10.00,'A',4,'2020-01-06 13:43:01',NULL,NULL),(388,1,186,'LSN',NULL,'A4-CPW/004','PPJ',75,'SJ/JKT/2020/01/00013',160,0.00,1.00,'A',4,'2020-01-06 13:43:01',NULL,NULL),(389,1,63,'SET',NULL,'A4-GPSL/3736','PPJ',76,'SJ/JKT/2020/01/00014',163,0.00,10.00,'A',4,'2020-01-06 13:53:16',NULL,NULL),(390,1,118,'SET',NULL,'A4 - GAOP/36C','PPJ',76,'SJ/JKT/2020/01/00014',164,0.00,12.00,'A',4,'2020-01-06 13:53:16',NULL,NULL),(391,1,186,'LSN',NULL,'A4-CPW/004','PPJ',76,'SJ/JKT/2020/01/00014',165,0.00,1.00,'A',4,'2020-01-06 13:53:16',NULL,NULL),(392,1,186,'LSN',NULL,'A4-CPW/004','SRT',86,'GUD/JKT/2020/01/00014',210,1.00,0.00,'A',4,'2020-01-06 14:05:06',NULL,NULL),(393,1,63,'SET',NULL,'A4-GPSL/3736','PPJ',77,'SJ/JKT/2020/01/00015',168,0.00,3.00,'A',4,'2020-01-06 14:20:39',NULL,NULL),(394,1,186,'LSN',NULL,'A4-CPW/004','PPJ',77,'SJ/JKT/2020/01/00015',169,0.00,1.00,'A',4,'2020-01-06 14:20:39',NULL,NULL),(395,1,186,'LSN',NULL,'A4-CPW/004','SRT',88,'GUD/JKT/2020/01/00016',212,1.00,0.00,'A',4,'2020-01-06 14:26:22',NULL,NULL),(396,1,62,'SET',NULL,'A4-GP7018','PPJ',78,'SJ/JKT/2020/01/00016',171,0.00,12.00,'A',4,'2020-01-06 15:04:14',NULL,NULL),(397,1,118,'SET',NULL,'A4 - GAOP/36C','PPJ',78,'SJ/JKT/2020/01/00016',172,0.00,10.00,'A',4,'2020-01-06 15:04:14',NULL,NULL),(398,1,186,'LSN',NULL,'A4-CPW/004','PPJ',78,'SJ/JKT/2020/01/00016',173,0.00,1.00,'A',4,'2020-01-06 15:04:14',NULL,NULL),(399,1,107,'SET',NULL,'A4-GP7018/EGBB/240','PPJ',79,'SJ/JKT/2020/01/00017',176,0.00,12.00,'A',4,'2020-01-06 15:15:53',NULL,NULL),(400,1,68,'SET',NULL,'A4-GPUP','PPJ',79,'SJ/JKT/2020/01/00017',177,0.00,10.00,'A',4,'2020-01-06 15:15:53',NULL,NULL),(401,1,64,'PCS',NULL,'A4-GPBM/2520','PPJ',79,'SJ/JKT/2020/01/00017',178,0.00,12.00,'A',4,'2020-01-06 15:15:53',NULL,NULL),(402,1,186,'LSN',NULL,'A4-CPW/004','PPJ',79,'SJ/JKT/2020/01/00017',179,0.00,1.00,'A',4,'2020-01-06 15:15:53',NULL,NULL),(403,1,175,'PCS',NULL,'A4 - GP7019','PPB',89,'GUD/JKT/2020/01/00017',214,200.00,0.00,'A',4,'2020-01-06 16:44:37',NULL,NULL),(404,1,98,'SET',NULL,'A4 - GP7206/BIC','PPB',89,'GUD/JKT/2020/01/00017',215,200.00,0.00,'A',4,'2020-01-06 16:44:37',NULL,NULL),(405,1,98,'SET',NULL,'A4 - GP7206/BIC','RPB',80,'SJ/JKT/2020/01/00018',182,0.00,1.00,'A',4,'2020-01-06 16:48:39',NULL,NULL),(406,1,175,'PCS',NULL,'A4 - GP7019','PPJ',81,'SJ/JKT/2020/01/00019',183,0.00,12.00,'A',4,'2020-01-06 16:53:45',NULL,NULL),(407,1,98,'SET',NULL,'A4 - GP7206/BIC','PPJ',81,'SJ/JKT/2020/01/00019',184,0.00,12.00,'A',4,'2020-01-06 16:53:47',NULL,NULL),(408,1,186,'LSN',NULL,'A4-CPW/004','PPJ',81,'SJ/JKT/2020/01/00019',185,0.00,1.00,'A',4,'2020-01-06 16:53:47',NULL,NULL),(409,1,186,'LSN',NULL,'A4-CPW/004','SRT',90,'GUD/JKT/2020/01/00018',216,1.00,0.00,'A',4,'2020-01-06 16:57:54',NULL,NULL),(410,1,191,'SET',NULL,'A4-GWCP/6712','PPB',91,'GUD/JKT/2020/01/00019',218,200.00,0.00,'A',4,'2020-01-07 11:16:02',NULL,NULL),(411,1,191,'SET',NULL,'A4-GWCP/6712','RPB',82,'SJ/JKT/2020/01/00020',188,0.00,1.00,'A',4,'2020-01-07 11:21:59',NULL,NULL),(412,1,191,'SET',NULL,'A4-GWCP/6712','PPJ',83,'SJ/JKT/2020/01/00021',189,0.00,12.00,'A',4,'2020-01-07 11:30:09',NULL,NULL),(413,1,107,'SET',NULL,'A4-GP7018/EGBB/240','PPJ',83,'SJ/JKT/2020/01/00021',190,0.00,12.00,'A',4,'2020-01-07 11:30:09',NULL,NULL),(414,1,118,'SET',NULL,'A4 - GAOP/36C','PPJ',83,'SJ/JKT/2020/01/00021',191,0.00,12.00,'A',4,'2020-01-07 11:30:09',NULL,NULL),(415,1,186,'LSN',NULL,'A4-CPW/004','PPJ',83,'SJ/JKT/2020/01/00021',192,0.00,1.00,'A',4,'2020-01-07 11:30:09',NULL,NULL),(416,1,186,'LSN',NULL,'A4-CPW/004','SRT',92,'GUD/JKT/2020/01/00020',219,1.00,0.00,'A',4,'2020-01-07 11:33:20',NULL,NULL),(417,1,174,'SET',NULL,'A4-GSS7019','PPB',93,'GUD/JKT/2020/01/00021',222,100.00,0.00,'A',4,'2020-01-07 14:01:48',NULL,NULL),(418,1,181,'PACK',NULL,'A4-GS102','PPB',93,'GUD/JKT/2020/01/00021',223,100.00,0.00,'A',4,'2020-01-07 14:01:49',NULL,NULL),(419,1,174,'SET',NULL,'A4-GSS7019','RPB',84,'SJ/JKT/2020/01/00022',195,0.00,1.00,'A',4,'2020-01-07 14:32:18',NULL,NULL),(420,1,181,'PACK',NULL,'A4-GS102','RPB',84,'SJ/JKT/2020/01/00022',196,0.00,1.00,'A',4,'2020-01-07 14:32:23',NULL,NULL),(421,1,91,'SET',NULL,'A4-GGS/8G','PPJ',85,'SJ/JKT/2020/01/00023',197,0.00,12.00,'A',4,'2020-01-07 15:10:31',NULL,NULL),(422,1,107,'SET',NULL,'A4-GP7018/EGBB/240','PPJ',85,'SJ/JKT/2020/01/00023',198,0.00,12.00,'A',4,'2020-01-07 15:10:32',NULL,NULL),(423,1,186,'LSN',NULL,'A4-CPW/004','PPJ',85,'SJ/JKT/2020/01/00023',199,0.00,1.00,'A',4,'2020-01-07 15:10:33',NULL,NULL),(424,1,186,'LSN',NULL,'A4-CPW/004','SRT',94,'GUD/JKT/2020/01/00022',224,1.00,0.00,'A',4,'2020-01-07 15:25:19',NULL,NULL);

/*Table structure for table `msitemdetailssummary` */

DROP TABLE IF EXISTS `msitemdetailssummary`;

CREATE TABLE `msitemdetailssummary` (
  `fin_rec_id` bigint(20) NOT NULL AUTO_INCREMENT,
  `fin_warehouse_id` int(11) DEFAULT NULL,
  `fin_item_id` int(11) DEFAULT NULL,
  `fst_basic_unit` varchar(100) DEFAULT NULL,
  `fst_batch_no` varchar(100) DEFAULT NULL,
  `fst_serial_no` varchar(100) DEFAULT NULL,
  `fdb_qty_in` double(12,2) DEFAULT 0.00,
  `fdb_qty_out` double(12,2) DEFAULT 0.00,
  `fst_active` enum('A','S','D') DEFAULT NULL,
  `fin_insert_id` int(11) DEFAULT NULL,
  `fdt_insert_datetime` datetime DEFAULT NULL,
  `fin_update_id` int(11) DEFAULT NULL,
  `fdt_update_datetime` datetime DEFAULT NULL,
  PRIMARY KEY (`fin_rec_id`),
  KEY `idx_batch_no` (`fst_batch_no`),
  KEY `idx_serial_no` (`fst_serial_no`)
) ENGINE=InnoDB AUTO_INCREMENT=187 DEFAULT CHARSET=latin1;

/*Data for the table `msitemdetailssummary` */

insert  into `msitemdetailssummary`(`fin_rec_id`,`fin_warehouse_id`,`fin_item_id`,`fst_basic_unit`,`fst_batch_no`,`fst_serial_no`,`fdb_qty_in`,`fdb_qty_out`,`fst_active`,`fin_insert_id`,`fdt_insert_datetime`,`fin_update_id`,`fdt_update_datetime`) values (125,1,69,'PCS','A4-PUA4/B',NULL,200.00,0.00,'A',4,'2019-12-27 14:46:36',4,'2020-01-03 11:01:08'),(126,1,68,'SET','A4-GPUP',NULL,301.00,47.00,'A',4,'2019-12-27 14:46:36',4,'2020-01-06 15:15:53'),(127,1,65,'TAB','A4-CTZC/012',NULL,200.00,0.00,'A',4,'2019-12-27 14:46:36',4,'2019-12-27 15:48:48'),(128,1,67,'BOX','A4-GWG/35ML',NULL,5.00,2.00,'A',4,'2019-12-27 14:46:36',4,'2019-12-27 15:58:15'),(129,1,62,'SET','A4-GP7018',NULL,300.00,12.00,'A',4,'2019-12-27 14:46:36',4,'2020-01-06 15:04:14'),(130,1,63,'SET','A4-GPSL/3736',NULL,202.00,47.00,'A',4,'2019-12-27 14:46:36',4,'2020-01-06 14:20:39'),(131,1,64,'PCS','A4-GPBM/2520',NULL,400.00,25.00,'A',4,'2019-12-27 14:46:36',4,'2020-01-06 15:15:53'),(132,1,84,'PCS','A4-RCBG',NULL,152.00,3.00,'A',4,'2019-12-27 15:05:46',4,'2020-01-03 10:34:48'),(133,1,72,'PCS','A4-MBGG/SC02',NULL,103.00,14.00,'A',4,'2019-12-27 15:05:47',4,'2020-01-03 10:19:03'),(134,1,80,'PCS','A4-PCPU',NULL,102.00,2.00,'A',4,'2019-12-27 15:05:47',4,'2020-01-03 10:19:03'),(135,1,83,'PCS','A4-PGPM',NULL,102.00,2.00,'A',4,'2019-12-27 15:05:48',4,'2020-01-03 10:19:03'),(136,1,85,'PCS','A4-NAIL',NULL,152.00,3.00,'A',4,'2019-12-27 15:05:48',4,'2020-01-03 10:34:49'),(137,1,81,'PCS','A4-GS102',NULL,102.00,2.00,'A',4,'2019-12-27 15:05:48',4,'2020-01-03 10:19:03'),(138,1,70,'SET','A4-GOP',NULL,102.00,2.00,'A',4,'2019-12-27 15:05:49',4,'2020-01-03 10:19:03'),(139,1,71,'PCS','A4-GS103',NULL,102.00,2.00,'A',4,'2019-12-27 15:05:49',4,'2020-01-03 10:19:03'),(140,1,73,'PCS','A4-GP7018',NULL,102.00,2.00,'A',4,'2019-12-27 15:05:50',4,'2020-01-03 10:19:03'),(141,1,82,'PCS','A4-GEGBW',NULL,102.00,2.00,'A',4,'2019-12-27 15:05:50',4,'2020-01-03 10:19:03'),(142,1,67,'BOX','A4-GWG/35ML',NULL,5.00,2.00,'A',4,'2019-12-27 15:48:49',4,'2019-12-27 15:58:15'),(143,1,86,'SET','A4-GS4IN1',NULL,100.00,0.00,'A',4,'2019-12-27 16:05:29',NULL,NULL),(144,1,91,'SET','A4-GGS/8G',NULL,100.00,36.00,'A',4,'2019-12-27 16:05:29',4,'2020-01-07 15:10:31'),(145,1,94,'SET','A4-GPT2017',NULL,200.00,1.00,'A',4,'2019-12-27 16:05:29',4,'2020-01-03 09:44:13'),(146,1,87,'PCS','A4-GS102',NULL,40.00,0.00,'A',4,'2019-12-27 16:05:29',NULL,NULL),(147,1,88,'PCS','A4-GEGBW',NULL,100.00,0.00,'A',4,'2019-12-27 16:05:29',NULL,NULL),(148,1,92,'PCS','A4-GGS/8G',NULL,100.00,0.00,'A',4,'2019-12-27 16:05:29',NULL,NULL),(149,1,90,'PCS','A4-KBRCODE',NULL,400.00,25.00,'A',4,'2019-12-27 16:05:29',4,'2020-01-03 11:01:09'),(150,2,104,'GRS','A4-PLOM/11B',NULL,85.00,0.00,'A',4,'2019-12-27 16:28:47',NULL,NULL),(151,2,174,'SET','A4-GS7019',NULL,100.00,10.00,'A',4,'2019-12-27 16:28:47',4,'2019-12-27 16:36:35'),(152,2,95,'SET','A4-GOP',NULL,100.00,0.00,'A',4,'2019-12-27 16:28:47',NULL,NULL),(153,2,96,'PCS','A4-GEGBB',NULL,100.00,0.00,'A',4,'2019-12-27 16:28:47',NULL,NULL),(154,2,97,'PCS','A4-GGS/21G',NULL,100.00,0.00,'A',4,'2019-12-27 16:28:47',NULL,NULL),(155,2,187,'PCS','A4-GHP/7026',NULL,102.00,22.00,'A',4,'2019-12-27 16:28:47',4,'2020-01-02 12:16:29'),(156,2,98,'SET','A4-GPBC/7206',NULL,100.00,22.00,'A',4,'2019-12-27 16:28:47',4,'2020-01-02 14:27:13'),(157,2,191,'SET','A4-GWCP/6712',NULL,102.00,12.00,'A',4,'2019-12-27 16:28:47',4,'2020-01-02 14:38:05'),(158,2,72,'PCS','A4-MBGG/SC02',NULL,100.00,0.00,'A',4,'2019-12-27 16:58:58',NULL,NULL),(159,2,80,'PCS','A4-PCPU',NULL,100.00,0.00,'A',4,'2019-12-27 16:58:58',NULL,NULL),(160,2,68,'SET','A4-GPUP',NULL,100.00,10.00,'A',4,'2019-12-27 16:58:58',4,'2019-12-27 17:05:51'),(161,2,65,'TAB','A4-CTZC/012',NULL,100.00,0.00,'A',4,'2019-12-27 16:58:58',NULL,NULL),(162,2,70,'SET','A4-GOP',NULL,100.00,0.00,'A',4,'2019-12-27 16:58:58',NULL,NULL),(163,2,71,'PCS','A4-GS103',NULL,100.00,0.00,'A',4,'2019-12-27 16:58:58',NULL,NULL),(164,2,73,'PCS','A4-GP7018',NULL,100.00,0.00,'A',4,'2019-12-27 16:58:58',NULL,NULL),(165,2,62,'SET','A4-GP7018',NULL,100.00,5.00,'A',4,'2019-12-27 16:58:58',4,'2020-01-02 10:55:20'),(166,2,63,'SET','A4-GPSL/3736',NULL,100.00,19.00,'A',4,'2019-12-27 16:58:58',4,'2020-01-02 14:27:13'),(167,2,64,'PCS','A4-GPBM/2520',NULL,100.00,0.00,'A',4,'2019-12-27 16:58:58',NULL,NULL),(168,2,84,'PCS','A4-RCBG',NULL,100.00,0.00,'A',4,'2019-12-27 17:59:21',NULL,NULL),(169,2,86,'SET','A4-GS4IN1',NULL,80.00,2.00,'A',4,'2019-12-27 17:59:21',4,'2019-12-27 18:12:19'),(170,2,91,'SET','A4-GGS/8G',NULL,100.00,0.00,'A',4,'2019-12-27 17:59:21',NULL,NULL),(171,2,83,'PCS','A4-PGPM',NULL,100.00,0.00,'A',4,'2019-12-27 17:59:21',NULL,NULL),(172,2,94,'SET','A4-GPT2017',NULL,100.00,0.00,'A',4,'2019-12-27 17:59:21',NULL,NULL),(173,2,81,'PCS','A4-GS102',NULL,100.00,0.00,'A',4,'2019-12-27 17:59:21',NULL,NULL),(174,2,88,'PCS','A4-GEGBW',NULL,100.00,0.00,'A',4,'2019-12-27 17:59:21',NULL,NULL),(175,2,82,'PCS','A4-GEGBW',NULL,100.00,2.00,'A',4,'2019-12-27 17:59:21',4,'2019-12-27 18:12:19'),(176,1,107,'SET','A4-GP7018/EGBB/240',NULL,201.00,59.00,'A',4,'2019-12-27 18:02:29',4,'2020-01-07 15:10:32'),(177,2,186,'LSN','A4-CPW/004',NULL,102.00,5.00,'A',4,'2020-01-02 11:17:43',4,'2020-01-03 10:35:17'),(178,2,101,'PCS','A4-CBNFS',NULL,200.00,3.00,'A',4,'2020-01-02 14:16:37',4,'2020-01-02 14:27:13'),(179,1,186,'LSN','A4-CPW/004',NULL,105.00,11.00,'A',4,'2020-01-03 09:38:57',4,'2020-01-07 15:25:19'),(180,1,177,'PCS','A4-GBTB/0.5',NULL,200.00,2.00,'A',4,'2020-01-03 13:48:32',4,'2020-01-03 14:01:07'),(181,1,118,'SET','A4 - GAOP/36C',NULL,201.00,60.00,'A',4,'2020-01-06 09:48:48',4,'2020-01-07 11:30:09'),(182,1,175,'PCS','A4 - GP7019',NULL,200.00,12.00,'A',4,'2020-01-06 16:44:37',4,'2020-01-06 16:53:46'),(183,1,98,'SET','A4 - GP7206/BIC',NULL,200.00,13.00,'A',4,'2020-01-06 16:44:37',4,'2020-01-06 16:53:47'),(184,1,191,'SET','A4-GWCP/6712',NULL,200.00,13.00,'A',4,'2020-01-07 11:16:02',4,'2020-01-07 11:30:09'),(185,1,174,'SET','A4-GSS7019',NULL,100.00,1.00,'A',4,'2020-01-07 14:01:48',4,'2020-01-07 14:32:19'),(186,1,181,'PACK','A4-GS102',NULL,100.00,1.00,'A',4,'2020-01-07 14:01:49',4,'2020-01-07 14:32:23');

/*Table structure for table `msitemdiscounts` */

DROP TABLE IF EXISTS `msitemdiscounts`;

CREATE TABLE `msitemdiscounts` (
  `fin_rec_id` int(11) NOT NULL AUTO_INCREMENT,
  `fst_item_discount` varchar(100) NOT NULL,
  `fst_active` enum('A','S','D') NOT NULL,
  `fin_insert_id` int(11) NOT NULL,
  `fdt_insert_datetime` datetime NOT NULL,
  `fin_update_id` int(11) DEFAULT NULL,
  `fdt_update_datetime` datetime DEFAULT NULL,
  PRIMARY KEY (`fin_rec_id`)
) ENGINE=InnoDB AUTO_INCREMENT=16 DEFAULT CHARSET=utf8;

/*Data for the table `msitemdiscounts` */

insert  into `msitemdiscounts`(`fin_rec_id`,`fst_item_discount`,`fst_active`,`fin_insert_id`,`fdt_insert_datetime`,`fin_update_id`,`fdt_update_datetime`) values (1,'0','A',4,'2019-06-14 10:27:41',NULL,NULL),(2,'2.5','A',4,'2019-06-14 10:27:45',NULL,NULL),(3,'5','A',4,'2019-06-14 10:27:47',NULL,NULL),(4,'2.5+5','A',4,'2019-06-14 10:28:03',NULL,NULL),(5,'10','A',4,'2019-06-14 10:29:19',NULL,NULL),(6,'10+2.5','A',4,'2019-07-14 23:04:15',NULL,NULL),(7,'10+5','A',4,'2019-07-15 16:59:17',NULL,NULL),(8,'10+2.5+5','A',12,'2019-07-17 14:41:51',NULL,NULL),(9,'20','A',12,'2019-07-17 14:42:03',12,'2019-07-17 14:46:01'),(13,'25','D',4,'2019-08-16 14:53:28',4,'2019-08-16 14:53:52'),(14,'25','A',4,'2019-11-13 10:26:46',NULL,NULL),(15,'30','A',4,'2019-12-05 11:23:58',NULL,NULL);

/*Table structure for table `msitems` */

DROP TABLE IF EXISTS `msitems`;

CREATE TABLE `msitems` (
  `fin_item_id` int(11) NOT NULL AUTO_INCREMENT,
  `fst_item_code` varchar(100) DEFAULT NULL,
  `fst_item_name` varchar(256) DEFAULT NULL,
  `fst_name_on_pos` varchar(50) DEFAULT NULL COMMENT 'Nama Item yang akan di gunakan di System POS',
  `fst_vendor_item_name` varchar(256) DEFAULT NULL,
  `fin_item_maingroup_id` int(11) DEFAULT NULL,
  `fin_item_group_id` int(11) DEFAULT NULL,
  `fin_item_subgroup_id` int(11) DEFAULT NULL,
  `fin_item_type_id` enum('1','2','3','4','5') DEFAULT '4' COMMENT '1=Raw Material, 2=Semi Finished Material, 3=Supporting Material, 4=Ready Product, 5=Logistic',
  `fst_linebusiness_id` varchar(25) DEFAULT NULL,
  `fbl_is_batch_number` tinyint(1) DEFAULT 0,
  `fbl_is_serial_number` tinyint(1) DEFAULT 0,
  `fdc_scale_for_bom` decimal(12,2) DEFAULT 1.00,
  `fst_storage_rack_info` varchar(256) DEFAULT NULL,
  `fst_memo` text DEFAULT NULL,
  `fst_max_item_discount` varchar(256) DEFAULT '100',
  `fdc_min_basic_unit_avg_cost` decimal(12,2) DEFAULT 0.00 COMMENT 'Opsional, jika di isi maka bisa dihasilkan Alert report barang-barang yang perhitungan harga rata2 dibawah Minimal',
  `fdc_max_basic_unit_avg_cost` decimal(12,2) DEFAULT 0.00 COMMENT 'Opsional, jika di isi maka bisa dihasilkan Alert report barang-barang yang perhitungan harga rata2 diatas Maximal',
  `fst_sni_no` varchar(50) DEFAULT NULL,
  `fbl_stock` tinyint(1) DEFAULT 1,
  `fst_active` enum('A','S','D') NOT NULL,
  `fin_insert_id` int(11) NOT NULL,
  `fdt_insert_datetime` datetime NOT NULL,
  `fin_update_id` int(11) DEFAULT NULL,
  `fdt_update_datetime` datetime DEFAULT NULL,
  PRIMARY KEY (`fin_item_id`),
  UNIQUE KEY `idx_itemcode` (`fst_item_code`)
) ENGINE=InnoDB AUTO_INCREMENT=192 DEFAULT CHARSET=utf8;

/*Data for the table `msitems` */

insert  into `msitems`(`fin_item_id`,`fst_item_code`,`fst_item_name`,`fst_name_on_pos`,`fst_vendor_item_name`,`fin_item_maingroup_id`,`fin_item_group_id`,`fin_item_subgroup_id`,`fin_item_type_id`,`fst_linebusiness_id`,`fbl_is_batch_number`,`fbl_is_serial_number`,`fdc_scale_for_bom`,`fst_storage_rack_info`,`fst_memo`,`fst_max_item_discount`,`fdc_min_basic_unit_avg_cost`,`fdc_max_basic_unit_avg_cost`,`fst_sni_no`,`fbl_stock`,`fst_active`,`fin_insert_id`,`fdt_insert_datetime`,`fin_update_id`,`fdt_update_datetime`) values (0,'PRZ','HADIAH PROMOSI','HADIAH','PROMO',NULL,99,NULL,'4','1,2,3,4,5,6,7,8',0,0,1.00,'READY','Barang Promosi','100',1.00,1.00,NULL,0,'A',4,'2019-11-08 16:37:25',4,'2019-11-20 10:34:35'),(1,'VCR','HADIAH PROMOSI VOUCHER','VOUCER','PROMO',NULL,99,NULL,'4','1,2,3,4,5,6,7,8',0,0,1.00,'READY','Voucer Promosi','100',1.00,1.00,NULL,0,'A',4,'2019-11-08 16:37:25',4,'2019-11-20 10:34:35'),(62,'040101000001','GREEBEL 7018 PENCIL 2B (12 PCS/SET)','STATIONARY','GREEBEL',NULL,99,NULL,'3','8,5,7,1,4,6,3,2',1,0,1.00,'READY','BARANG RAKITAN\r\nHARGA BELI RP. 7.620,00 / SET','55+5',1000000.00,1000000000.00,'SNI 2983:2019',1,'A',4,'2019-11-08 16:37:25',4,'2019-12-06 09:36:21'),(63,'040101000009','GREEBEL 3736 PENCIL SUPER LEAD','PENCIL TULIS','GREEBEL',NULL,99,NULL,'3','8,5,7,1,4,6,3,2',1,0,1.00,'READY','BARANG RAKITAN\r\nHARGA BELI RP. 22.368,00 ','10',1000000.00,1000000000.00,'SNI 2983:2019',1,'A',4,'2019-11-08 16:42:24',4,'2019-12-06 09:39:45'),(64,'010103000022','GREEBEL PENCIL BAG MICA 2520','PENCIL BAG','GREEBEL',NULL,109,NULL,'1','8,5,7,1,4,6,3,2',1,0,1.00,'READY','TIDAK ADA BARANG KOMPONEN/BOM\r\nHARGA BELI RP. 2.200,00/PCS','100',1000000.00,1000000000.00,'SNI 2983:2019',1,'A',4,'2019-11-08 16:59:59',12,'2019-12-06 09:42:19'),(65,'010104000001','CRAYON TABUNG ZC 012','CRAYON','UM - UMUM',NULL,104,NULL,'1','8,5,7,1,4,6,3,2',1,0,1.00,'READY','TIDAK ADA KOMPONEN\r\nHARGA BELI RP. 3.256,80/TAB','100',1000000.00,1000000000.00,'SNI 2983:2019',1,'A',4,'2019-11-08 17:10:28',4,'2019-11-27 15:35:02'),(66,'010201000001','BOTOL SABUN HKT/DRM S','DIARY','UM - UMUM',NULL,106,NULL,'1','1,2,3,4,5,6,7,8',1,0,1.00,'READY','TIDAK ADA KOMPONEN\r\nH. BELI RP. 5.723,22/PCS','100',1000000.00,1000000000.00,'SNI 2983:2019',1,'D',4,'2019-11-08 17:28:23',4,'2019-11-15 14:37:31'),(67,'040105000011','GREEBEL WATER GLUE 35 ML','WATER GLUE','GREEBEL',NULL,107,NULL,'1','8,5,7,1,4,6,3,2',1,0,1.00,'READY','TIDAK ADA KOMPONEN\r\nHARGA BELI RP. 12.288,18/BOX\r\nSALES BOLEH DISKON\r\n','55',1000000.00,1000000000.00,'SNI 2983:2019',1,'A',4,'2019-11-08 17:41:52',4,'2019-11-27 15:35:50'),(68,'040109000001','GREEBEL PAKET UJIAN PINTAR','PAKET UJIAN','GREEBEL',NULL,108,NULL,'3','1,2,3,4,5,6,7,8',1,0,1.00,'READY','BARANG RAKITAN\r\nHARGA BELI RP. 4.382,00/SET','55',1000000.00,1000000000.00,'SNI 2983:2019',1,'A',4,'2019-11-08 17:58:05',4,'2019-11-15 14:39:40'),(69,'010103000012','PAPAN UJIAN A4 BIRU','PAPAN UJIAN','UM - UMUM',NULL,109,NULL,'3','1,2,3,4,5,6,7,8',1,0,1.00,'READY','BARANG RAKITAN\r\nHARGA BELI RP. 600,00/ PCS','15',1000000.00,1000000000.00,'SNI 2983:2019',1,'A',4,'2019-11-08 18:11:19',4,'2019-11-11 12:19:19'),(70,'040104000014','GREEBEL OIL PASTEL PP - 24C - 2','CRAYON','GREEBEL',NULL,101,NULL,'1','8,5,7,1,4,6,3,2',1,0,1.00,'READY','TIDAK ADA BARANG KOMPONEN/BOM\r\nSALES BOLEH DISKON\r\nHARGA BELI RP. 11.510,00/SET','55',1000000.00,1000000000.00,'SNI 2983:2019',1,'A',4,'2019-11-08 18:17:35',4,'2019-11-27 15:36:32'),(71,'040106000004','GREEBEL SHARPENER 103 (COLOR BOX)','SERUTAN','GREEBEL',NULL,110,NULL,'1','8,5,7,1,4,6,3,2',1,0,0.00,'READY','TIDAK ADA BARANG KOMPONEN/BOM\r\nHARGA BELI RP. 1.525,94/PCS\r\nSALES BOLEH DISKON','55',1000000.00,1000000000.00,'SNI 2983:2019',1,'A',4,'2019-11-08 18:24:40',4,'2019-11-27 15:37:05'),(72,'050502000013','MASTER BOX GREEBEL GUNTING GB-SC-02','MASTER BOX','PRODUKSI',NULL,113,NULL,'1','1,2,3,4',1,0,0.00,'READY','TIDAK ADA BARANG KOMPONEN/BOM\r\nHARGA BELI RP. 19,090.91/PCS','100',1000000.00,1000000000.00,'SNI 2983:2019',1,'A',4,'2019-11-11 08:16:11',4,'2019-11-11 12:39:34'),(73,'040101000005','GREEBEL 7018 PENCIL 2B (PER PCS)','PENCIL','GREEBEL',NULL,99,NULL,'1','1,4,3,2',1,0,1.00,'READY','TIDAK ADA KOMPONEN PRODUKSI\r\nSALES BOLEH DISKON\r\nTIDAK ADA GROSIR','55',1000000.00,1000000000.00,'SNI 2983:2019',1,'A',4,'2019-11-11 10:10:39',4,'2019-11-27 15:38:08'),(74,'010112000021','PACKAGING 7018','DUS','UM - UMUM',NULL,114,NULL,'4','1,2,3,4',1,0,1.00,'READY','TIDAK ADA BARANG KOMPONEN/BOM\r\nBARANG HASIL PRODUKSI','100',1000000.00,1000000000.00,'SNI 2983:2019',1,'A',4,'2019-11-11 10:26:26',4,'2019-11-15 11:27:40'),(75,'010112000017','DUS COKLAT 7018','DUS','UM - UMUM',NULL,114,NULL,'1','8,5,7,1,4,6,3,2',1,0,1.00,'READY','TIDAK ADA KOMPONEN BARANG\r\nHARGA BELI RP. 9.454,55/PCS','100',1000000.00,1000000000.00,'SNI 2983:2019',1,'A',4,'2019-11-11 10:31:29',4,'2019-11-27 15:37:35'),(76,'050502000010','PLASTIK POF 15 MIC X 19,5CM X 11\" (PENSIL)','DUS','UM - UMUM',NULL,114,NULL,'1','1,2,3,4',1,0,1.00,'READY','TIDAK ADA KOMPONEN\r\nHARGA BELI 81,00/LBR','100',0.00,0.00,'SNI 2983:2019',1,'A',4,'2019-11-11 10:41:51',NULL,NULL),(77,'010201000099','LAKBAN GREEBEL HIJAU','LAKBAN','UM - UMUM',NULL,106,NULL,'1','1,2,3,4',1,0,1.00,'READY','HARGA BELI RP. 13.200,00/PCS\r\nTIDAK ADA BARANG KOMPONEN','100',0.00,0.00,'SNI 2983:2019',1,'A',4,'2019-11-11 10:45:15',NULL,NULL),(78,'040102000041','GB 3736 BAHAN BAKU','BAHAN BAKU','GREEBEL',NULL,115,NULL,'1','1,2,3,4',1,0,1.00,'READY','TIDAK ADA KOMPONEN','100',1000000.00,1000000000.00,'SNI 2983:2019',1,'A',4,'2019-11-11 11:01:31',NULL,NULL),(79,'010112000036','DUS COKLAT 3736','DUS','UM - UMUM',NULL,114,NULL,'1','1,2,3,4,5,6,7,8',1,0,1.00,'READY','TIDAK ADA KOMPONEN','100',1000000.00,1000000000.00,'SNI 2983:2019',1,'A',4,'2019-11-11 11:04:19',4,'2019-11-11 12:42:34'),(80,'010110000001','PENCIL CASE PAKET UJIAN','PENCIL CASE','UM - UMUM',NULL,116,NULL,'1','1,2,3,4',1,0,1.00,'READY','TIDAK ADA KOMPONEN\r\nHARGA BELI RP. 1.100,00/PCS','100',1000000.00,1000000000.00,'SNI 2983:2019',1,'A',4,'2019-11-11 11:28:46',4,'2019-11-11 14:03:32'),(81,'040106000003','GREEBEL SHARPENER 102 (JAR)','SERUTAN','GREEBEL',NULL,110,NULL,'1','1,2,3,4',1,0,1.00,'READY','HARGA BELI 387.00/PCS\r\nTIDAK ADA BARANG KOMPONEN/BOM','55',1000000.00,1000000000.00,'SNI 2983:2019',1,'A',4,'2019-11-11 11:40:11',4,'2019-11-15 14:50:10'),(82,'040108000001','GREEBEL ERASER GBW-120630','PENGHAPUS','GREEBEL',NULL,117,NULL,'1','8,5,7,1,4,6,3,2',1,0,1.00,'READY','TIDAK ADA KOMPONEN/BOM\r\nHARGA BELI RP. 921.00/PCS','55',1000000.00,1000000000.00,'SNI 2983:2019',1,'A',4,'2019-11-11 11:51:13',4,'2019-11-27 15:40:02'),(83,'040107000002','PENGGARIS GB PELITA MAS','PENGGARIS','GREEBEL',NULL,118,NULL,'1','1,2,3,4',1,0,1.00,'READY','TIDAK ADA KOMPONEN/BOM\r\nHARGA BELI RP. 325,00/PCS','100',1000000.00,1000000000.00,'SNI 2983:2019',1,'A',4,'2019-11-11 12:00:35',4,'2019-11-11 14:05:50'),(84,'010103000018','RING CLIP BOARD GREEBEL','RING CLIP','UM - UMUM',NULL,109,NULL,'1','1,2,3,4',1,0,1.00,'READY','TIDAK ADA BARANG KOMPONEN','100',1000000.00,1000000000.00,'SNI 2983:2019',1,'A',4,'2019-11-11 12:10:43',NULL,NULL),(85,'010103000023','NAIL 3,8X8X8MM','NAIL','UM - UMUM',NULL,109,NULL,'1','1,2,3,4,5,6,7,8',1,0,1.00,'READY','TIDAK ADA KOMPONEN/BOM\r\nHARGA BELI RP. 0,60/PCS','100',1000000.00,1000000000.00,'SNI 2983:2019',1,'A',4,'2019-11-11 12:16:27',4,'2019-11-11 14:06:56'),(86,'040103000001','GREEBEL STATIONERY 4 IN 1','STATIONARY','GREEBEL',NULL,100,NULL,'3','1,2,3,4',1,0,1.00,'READY','TIDAK ADA HARGA GROSIR\r\nBARANG RAKITAN','55+5',1000000.00,1000000000.00,'SNI 2983:2019',1,'A',4,'2019-11-11 12:50:23',4,'2019-11-11 13:21:54'),(87,'040106000023','GREEBEL SHARPENER 102 (5000 PCS/CTN)','SERUTAN','GREEBEL',NULL,110,NULL,'1','1,2,3,4',1,0,0.00,'READY','TIDAK ADA KOMPONEN/BOM\r\nSALES BOLEH DISCOUNT','40',1000000.00,1000000000.00,'SNI 2983:2019',1,'A',4,'2019-11-11 13:00:06',4,'2019-11-15 14:54:54'),(88,'040108000003','GREEBEL ERASER GBW-120640','PENGHAPUS','GREEBEL',NULL,117,NULL,'1','1,2,3,4,5,6,7,8',1,0,0.00,'READY','TIDAK ADA KOMPONEN/BOM\r\nSALES BOLEH DISCOUNT\r\nHARGA BELI RP. 19.608,18/BOX','55',1000000.00,1000000000.00,'SNI 2983:2019',1,'A',4,'2019-11-11 13:07:02',4,'2019-11-15 14:56:38'),(89,'010201000005','PLASTIK OPP 5X25X0.014 HIJAU','PLASTIK OPP','UM - UMUM',NULL,106,NULL,'1','1,2,3,4',1,0,0.00,'READY','TIDAK ADA KOMPONEN/BOM','100',1000000.00,1000000000.00,'SNI 2983:2019',1,'A',4,'2019-11-11 13:13:20',4,'2019-11-11 14:11:12'),(90,'010301000075','KERTAS BARCODE','KERTAS BARCODE','UM - UMUM',NULL,120,NULL,'1','1,4,3,2',1,0,0.00,'READY','TIDAK ADA KOMPONEN/BOM\r\nHARGA BELI RP. 10,58/PCS','100',1000000.00,1000000000.00,'SNI 2983:2019',1,'A',4,'2019-11-11 13:20:12',4,'2019-11-27 15:39:30'),(91,'040105000008','GREEBEL GLUE STICK 8G - 2 PCS/SET','LEM STICK','GREEBEL',NULL,107,NULL,'3','1,2,3,4,5,6,7,8',1,0,1.00,'READY','SALES BOLEH DISCOUNT\r\nBARANG RAKITAN','55',1000000.00,1000000000.00,'SNI 2983:2019',1,'A',4,'2019-11-11 13:28:35',4,'2019-11-11 13:43:50'),(92,'040105000001','GREEBEL GLUE STICK 8G','LEM STICK','GREEBEL',NULL,107,NULL,'1','1,2,3,4',1,0,0.00,'READY','TIDAK ADA KOMPONEN/BOM\r\nSALES BOLEH DISCOUNT','55',1000000.00,1000000000.00,'SNI 2983:2019',1,'A',4,'2019-11-11 13:36:47',4,'2019-11-15 14:59:23'),(93,'010201000006','PLASTIK OPP 7X25X0.04 MERAH','PLASTIK OPP','UM - UMUM',NULL,106,NULL,'1','1,2,3,4',1,0,0.00,'READY','TIDAK ADA KOMPONEN/BOM','100',1000000.00,1000000000.00,'SNI 2983:2019',1,'A',4,'2019-11-11 13:42:34',NULL,NULL),(94,'010103000028','GREEBEL PAKET TAB 2017','PAKET','UM - UMUM',NULL,109,NULL,'3','1,2,3,4',1,0,1.00,'READY','SALES BOLEH DISKON\r\nBARANG RAKITAN','55+5',1000000.00,1000000000.00,'SNI 2983:2019',1,'A',4,'2019-11-11 14:26:09',4,'2019-11-11 15:35:18'),(95,'040104000006','GREEBEL OIL PASTEL PP - 12C','CRAYON','GREEBEL',NULL,101,NULL,'1','1,2,3,4,5,6,7,8',1,0,1.00,'READY','TIDAK ADA KOMPONEN/BOM','55+5',1000000.00,1000000000.00,'SNI 2983:2019',1,'A',4,'2019-11-11 14:35:59',4,'2019-11-15 15:01:08'),(96,'040108000013','GREEBEL ERASER GBB-141820','PENGHAPUS','GREEBEL',NULL,117,NULL,'1','1,2,3,4',1,0,1.00,'READY','TIDAK ADA KOMPONEN/BOM\r\nSALES BOLEH DISCOUNT','55',1000000.00,1000000000.00,'SNI 2983:2019',1,'A',4,'2019-11-11 14:45:07',4,'2019-11-15 15:02:56'),(97,'040105000003','GREEBEL GLUE STICK 21G','LEM STICK','GREEBEL',NULL,107,NULL,'1','1,2,3,4',1,0,1.00,'READY','TIDAK ADA KOMPONEN/BOM\r\nSALES BOLEH DISCOUNT','55',1000000.00,1000000000.00,'SNI 2983:2019',1,'A',4,'2019-11-11 14:50:37',4,'2019-11-15 15:04:42'),(98,'040102000009','GREEBEL 7206 PENCIL BI COLOR','PENCIL COLOR','GREEBEL',NULL,115,NULL,'3','1,4,3,2',1,0,1.00,'READY','SALES BOLEH DISCOUNT','55',1000000.00,1000000000.00,'SNI 2983:2019',1,'A',4,'2019-11-11 15:06:37',4,'2019-11-27 15:40:32'),(99,'040102000036','GB 7206 BAHAN BAKU','BAHAN BAKU','GREEBEL',NULL,115,NULL,'1','1,2,3,4,5,6,7,8',1,0,1.00,'READY','TIDAK ADA KOMPONEN','100',1000000.00,1000000000.00,'SNI 2983:2019',1,'A',4,'2019-11-11 15:16:12',NULL,NULL),(100,'010112000032','DUS COKLAT 7206','DUS COKLAT','UM - UMUM',NULL,114,NULL,'1','1,2,3,4',1,0,1.00,'READY','','100',1000000.00,1000000000.00,'SNI 2983:2019',1,'A',4,'2019-11-11 15:19:28',NULL,NULL),(101,'010103000024','COLOURING BOOK NOT FOR SALE','BUKU WARNA','UM - UMUM',NULL,109,NULL,'4','1,2,3,4',1,0,1.00,'READY','BARANG HASIL PRODUKSI  \r\nSALES BOLEH DISCOUNT','100',1000000.00,1000000000.00,'SNI 2983:2019',1,'A',4,'2019-11-11 15:27:26',4,'2019-11-11 15:29:44'),(102,'010301000005','PARAFIN WAX 64/66','LILIN','UM - UMUM',NULL,120,NULL,'1','1,2,3,4',1,0,0.00,'READY','TIDAK ADA KOMPONEN','100',1000000.00,1000000000.00,'SNI 2983:2019',1,'A',4,'2019-11-12 11:42:48',4,'2019-11-12 11:44:31'),(103,'010301000019','BALLPEN INK CP ULV RED','TINTA BALLPEN','UM - UMUM',NULL,120,NULL,'1','1,2,3,4',1,0,1.00,'READY','TIDAK ADA KOMPONEN','100',1000000.00,1000000000.00,'SNI 2983:2019',1,'A',4,'2019-11-12 11:47:24',4,'2019-11-12 11:48:57'),(104,'010301000057','PENCIL LEAD OM-11 BLACK','PENCIL','UM - UMUM',NULL,120,NULL,'1','1,2,3,4',1,0,1.00,'READY','TIDAK ADA KOMPONEN','100',1000000.00,1000000000.00,'SNI 2983:2019',1,'A',4,'2019-11-12 11:52:49',4,'2019-11-12 12:00:35'),(105,'040107000003','PENGGARIS OVAL UJIAN GREEBEL','PENGGARIS','GREEBEL',NULL,118,NULL,'1','1,2,3,4',1,0,1.00,'READY','TIDAK ADA KOMPONEN','100',1000000.00,1000000000.00,'SNI 2983:2019',1,'A',4,'2019-11-12 12:04:19',4,'2019-11-12 12:05:11'),(106,'010105000001','PARKO WATER GLUE PK 1588','LEM','UM - UMUM',NULL,131,NULL,'1','1,2,3,4,5,6,7,8',1,0,1.00,'READY','TIDAK ADA KOMPONEN','100',1000000.00,1000000000.00,'SNI 2983:2019',1,'A',4,'2019-11-12 12:12:42',4,'2019-11-15 14:29:36'),(107,'040103000010','GREEBEL 7018 2 PCS + ERASER GBB-141240 2 PCS','PENGHAPUS','GREEBEL',NULL,100,NULL,'3','1,2,3,4',1,0,1.00,'READY','TIDAK ADA HARGA 2017','1',1000000.00,1000000000.00,'SNI 2983:2019',1,'A',4,'2019-11-12 12:21:17',4,'2019-11-15 11:36:33'),(108,'040108000008','GREEBEL ERASER GBB-141240','PENGHAPUS','GREEBEL',NULL,117,NULL,'1','1,2,3,4',1,0,1.00,'READY','TIDAK ADA KOMPONEN  \r\nSALES BOLEH DISCOUNT','55',1000000.00,1000000000.00,'SNI 2983:2019',1,'A',4,'2019-11-12 12:30:08',4,'2019-11-15 15:10:05'),(109,'010202000001','KARTU UNDANGAN ULTAH','KARTU UNDANGAN','UM - UMUM',NULL,132,NULL,'4','1,2,3,4,5,6,7,8',1,0,1.00,'READY','','40',1000000.00,1000000000.00,'SNI 2983:2019',1,'A',4,'2019-11-12 14:41:43',4,'2019-11-15 15:11:22'),(110,'050502000002','KERTAS ART CARTON 190 GR 65 X 100 CM','CARTON','PRODUKSI',NULL,113,NULL,'1','1,2,3,4',1,0,1.00,'READY','TIDAK ADA KOMPONEN','100',1000000.00,1000000000.00,'SNI 2983:2019',1,'A',4,'2019-11-12 14:48:10',NULL,NULL),(111,'010201000011','PLASTIK UK. 10,5 X 10 (KARTU UNDANGAN ULTAH)','PLASTIK','UM - UMUM',NULL,106,NULL,'1','1,2,3,4',1,0,1.00,'READY','TIDAK ADA KOMPONEN','100',1000000.00,1000000000.00,'SNI 2983:2019',1,'A',4,'2019-11-12 14:51:54',NULL,NULL),(112,'010201000012','PLASTIK UK. 11,5 X 25 (KARTU UNDANGAN ULTAH)','PLASTIK','UM - UMUM',NULL,106,NULL,'1','1,2,3,4',1,0,1.00,'READY','TIDAK ADA KOMPONEN PRODUKSI','100',1000000.00,1000000000.00,'SNI 2983:2019',1,'A',4,'2019-11-12 14:53:57',4,'2019-11-12 18:11:55'),(113,'050503000005','BIAYA CETAK KARTU UNDANGAN','JASA','PRODUKSI',NULL,125,NULL,'1','1,2,3,4,5,6,7,8',1,0,1.00,'READY','ITEM JASA (non-inventory)','100',1000000.00,1000000000.00,'SNI 2983:2019',1,'A',4,'2019-11-12 14:57:21',4,'2019-11-12 15:00:40'),(114,'050503000015','BIAYA UV KARTU UNDANGAN ULTAH','JASA','PRODUKSI',NULL,125,NULL,'1','1,2,3,4',1,0,1.00,'READY','ITEM JASA (non-inventory)','100',1000000.00,1000000000.00,'SNI 2983:2019',1,'A',4,'2019-11-12 15:00:07',4,'2019-11-15 11:25:08'),(115,'050503000028','BIAYA OUTPUT FILM 1','JASA','PRODUKSI',NULL,125,NULL,'5','1,2,3,4,5,6,7,8',1,0,1.00,'READY','ITEM JASA (non-inventory)','100',1000000.00,1000000000.00,'SNI 2983:2019',1,'A',4,'2019-11-12 15:03:12',4,'2019-11-15 11:24:40'),(116,'050503000008','BIAYA LAIN - LAIN','JASA','PRODUKSI',NULL,125,NULL,'5','1,2,3,4',1,0,1.00,'READY','ITEM JASA (non-inventory)','100',1000000.00,1000000000.00,'SNI 2983:2019',1,'A',4,'2019-11-12 15:28:34',4,'2019-11-15 11:24:07'),(117,'050503000073','BIAYA LAIN - LAIN 2','JASA','PRODUKSI',NULL,125,NULL,'5','1,2,3,4,5,6,7,8',1,0,1.00,'READY','','100',1000000.00,1000000000.00,'SNI 2983:2019',1,'A',4,'2019-11-12 15:31:05',NULL,NULL),(118,'040104000003','GREEBEL ARTIST OIL PASTEL 36C','CRAYON','GREEBEL',NULL,101,NULL,'1','1,2,3,4',1,0,1.00,'READY','TIDAK ADA KOMPONEN  \r\nSALES BOLEH DISKON','55',1000000.00,1000000000.00,'SNI 2983:2019',1,'A',4,'2019-11-12 16:32:54',4,'2019-11-15 15:14:03'),(173,'040104000013','GREEBEL OIL PASTEL PP - 18C','CRAYON','GREEBEL',NULL,101,NULL,'1','1,2,3,4',1,0,1.00,'READY','TIDAK ADA KOMPONEN PRODUKSI  \r\nSALES BOLEH DISKON','55',1000000.00,1000000000.00,'SNI 2983:2019',1,'A',4,'2019-11-12 17:05:50',4,'2019-11-15 15:17:00'),(174,'040103000006','GREEBEL STATIONERY SET 2-7019 + 120630 + 102','STATIONARY','GREEBEL',NULL,100,NULL,'3','1,2,3,4',1,0,1.00,'READY','BARANG RAKITAN  \r\nTIDAK ADA SPECIAL PRICING','40+5',1000000.00,1000000000.00,'SNI 2983:2019',1,'A',4,'2019-11-12 17:12:59',4,'2019-11-12 18:14:18'),(175,'040101000012','GREEBEL 7019 PENCIL 2B (PER PCS)','PENCIL 2B','GREEBEL',NULL,99,NULL,'1','1,2,3,4,5,6,7,8',1,0,1.00,'READY','TIDAK ADA KOMPONEN PRODUKSI  \r\nTIDAK ADA HARGA GROSIR  \r\nSALES BOLEH DISKON','55',1000000.00,1000000000.00,'SNI 2983:2019',1,'A',4,'2019-11-12 17:20:21',4,'2019-11-15 15:18:52'),(176,'040109000023','GREEBEL PUP HEMAT','PAKET UJIAN','GREEBEL',NULL,108,NULL,'3','1,2,3,4',1,0,1.00,'READY','BARANG RAKITAN\r\nSALES BOLEH DISKON','40',1000000.00,1000000000.00,'SNI 2983:2019',1,'A',4,'2019-11-12 17:29:50',4,'2019-11-12 18:16:35'),(177,'040113000004','GREEBEL BALLPEN TECHNOLINE 0.5 BLACK','BALLPEN','GREEBEL',NULL,129,NULL,'1','1,2,3,4',1,0,1.00,'READY','TIDAK ADA KOMPONEN PRODUKSI\r\nSALES BOLEH DISKON','55',1000000.00,1000000000.00,'SNI 2983:2019',1,'A',4,'2019-11-12 17:39:52',4,'2019-11-12 17:41:35'),(178,'040105000009','GREEBEL GLUE STICK 15G - 2 PCS/SET','LEM','GREEBEL',NULL,107,NULL,'3','1,2,3,4,5,6,7,8',1,0,1.00,'READY','BARANG RAKITAN, \r\nSALES BOLEH DISKON','55',1000000.00,1000000000.00,'SNI 2983:2019',1,'A',4,'2019-11-13 13:52:40',4,'2019-11-13 14:05:58'),(179,'040105000002','GREEBEL GLUE STICK 15G','LEM','GREEBEL',NULL,107,NULL,'1','1,2,3,4',1,0,1.00,'READY','TIDAK ADA KOMPONEN, \r\nSALES BOLEH DISKON','55',1000000.00,1000000000.00,'SNI 2983:2019',1,'A',4,'2019-11-13 13:58:29',4,'2019-11-15 15:22:03'),(180,'040106000001','GREEBEL SHARPENER 102 (84 PCS/JAR)','SERUTAN','GREEBEL',NULL,110,NULL,'3','1,2,3,4',1,0,1.00,'READY','SALES BOLEH DISKON','55',1000000.00,1000000000.00,'SNI 2983:2019',1,'A',4,'2019-11-14 08:49:44',4,'2019-11-15 15:23:16'),(181,'040106000002','GREEBEL SHARPENER 102 (2PCS/PACK)','SERUTAN','GREEBEL',NULL,110,NULL,'3','1,2,3,4,5,6,7,8',1,0,1.00,'READY','SALES BOLEH DISKON','55',1000000.00,1000000000.00,'SNI 2983:2019',1,'A',4,'2019-11-14 09:35:40',4,'2019-11-15 15:24:43'),(182,'040106000006','GREEBEL SHARPENER 104 (COLOR BOX)','SERUTAN','GREEBEL',NULL,110,NULL,'1','1,2,3,4',1,0,1.00,'READY','SALES BOLEH DISKON','55',1000000.00,1000000000.00,'SNI 2983:2019',1,'A',4,'2019-11-14 09:48:19',4,'2019-11-15 14:17:32'),(184,'T10001','TEST ITEM PEMBELIAN NON SN','ITEM PEMBELIAN NON SN','TEST ITEM PEMBELIAN NON SN',NULL,113,NULL,'1','1,2,3,4',1,0,0.00,'','','100',0.00,0.00,'',1,'A',12,'2019-11-18 10:12:40',12,'2019-11-19 10:01:04'),(185,'88000897','BAG J9083','BAG J9083','BAG J9083',NULL,120,NULL,'4','1,4',1,0,0.00,'','','100',0.00,0.00,'',1,'A',12,'2019-11-20 09:00:47',12,'2019-11-20 09:55:35'),(186,'010115000004','CORRECTION PEN W 004','TIP-X','UM - UMUM',NULL,133,NULL,'1','1,2,3,4,5,6,7,8',1,0,1.00,'READY','SALES BOLEH DISKON','20',1000000.00,1000000000.00,'SNI 2983:2019',1,'A',4,'2019-11-20 10:09:51',4,'2019-11-20 10:11:53'),(187,'040101000014','GREEBEL 7026 HB HEXAGONAL PENCIL (PER PCS)','PENCIL HB','GREEBEL',NULL,99,NULL,'1','5,1',1,0,1.00,'READY','BELUM ADA HARGA 2019 \r\nSALES BOLEH DISKON','55',1000000.00,1000000000.00,'SNI 2983:2019',1,'A',4,'2019-11-27 09:33:13',4,'2019-11-27 09:35:24'),(189,'DEL101','TEST DELETE','TEST DELETE','TEST DELETE',NULL,123,NULL,'4','3',1,0,0.00,'','','',0.00,0.00,'',1,'A',12,'2019-12-10 10:15:01',12,'2019-12-10 17:52:25'),(190,'DEL002','TEST DELETE 02','TEST DELETE 02','TEST DELETE 02',NULL,123,NULL,'4','3',1,0,0.00,'','','',0.00,0.00,'',1,'D',12,'2019-12-10 11:05:14',12,'2019-12-10 11:39:32'),(191,'040102000015','GREEBEL 6712 - 3.7 MM WATER COLOUR PENCIL','PENSIL WARNA','GREEBEL',NULL,115,NULL,'1','5,1',1,0,1.00,'READY','SALES BOLEH DISKON','55',1000000.00,1000000000.00,'SNI 2983:2019',1,'A',4,'2019-12-20 10:02:20',4,'2019-12-20 10:05:59');

/*Table structure for table `msitemspecialpricinggroupdetails` */

DROP TABLE IF EXISTS `msitemspecialpricinggroupdetails`;

CREATE TABLE `msitemspecialpricinggroupdetails` (
  `fin_rec_id` int(11) NOT NULL AUTO_INCREMENT,
  `fin_item_id` int(11) NOT NULL,
  `fst_unit` varchar(100) NOT NULL,
  `fin_cust_pricing_group_id` int(11) NOT NULL,
  `fdc_selling_price` decimal(12,2) NOT NULL DEFAULT 0.00,
  `fst_active` enum('A','S','D') NOT NULL,
  `fin_insert_id` int(11) NOT NULL,
  `fdt_insert_datetime` datetime NOT NULL,
  `fin_update_id` int(11) DEFAULT NULL,
  `fdt_update_datetime` datetime DEFAULT NULL,
  PRIMARY KEY (`fin_rec_id`,`fin_item_id`,`fst_unit`,`fin_cust_pricing_group_id`,`fdc_selling_price`)
) ENGINE=InnoDB AUTO_INCREMENT=1442 DEFAULT CHARSET=utf8;

/*Data for the table `msitemspecialpricinggroupdetails` */

insert  into `msitemspecialpricinggroupdetails`(`fin_rec_id`,`fin_item_id`,`fst_unit`,`fin_cust_pricing_group_id`,`fdc_selling_price`,`fst_active`,`fin_insert_id`,`fdt_insert_datetime`,`fin_update_id`,`fdt_update_datetime`) values (790,69,'PCS',1,11000.00,'A',4,'2019-11-11 12:19:19',NULL,NULL),(791,69,'PCS',2,11000.00,'A',4,'2019-11-11 12:19:19',NULL,NULL),(792,69,'PCS',4,11000.00,'A',4,'2019-11-11 12:19:19',NULL,NULL),(793,69,'PCS',5,11000.00,'A',4,'2019-11-11 12:19:20',NULL,NULL),(794,69,'PCS',6,11000.00,'A',4,'2019-11-11 12:19:20',NULL,NULL),(835,86,'SET',1,16000.00,'A',4,'2019-11-11 13:21:55',NULL,NULL),(836,86,'SET',2,16000.00,'A',4,'2019-11-11 13:21:55',NULL,NULL),(837,86,'SET',4,9500.00,'A',4,'2019-11-11 13:21:55',NULL,NULL),(838,86,'SET',5,9500.00,'A',4,'2019-11-11 13:21:55',NULL,NULL),(839,86,'SET',6,8800.00,'A',4,'2019-11-11 13:21:55',NULL,NULL),(850,91,'SET',1,14500.00,'A',4,'2019-11-11 13:43:51',NULL,NULL),(851,91,'SET',2,14500.00,'A',4,'2019-11-11 13:43:51',NULL,NULL),(852,91,'SET',4,10000.00,'A',4,'2019-11-11 13:43:51',NULL,NULL),(853,91,'SET',5,10000.00,'A',4,'2019-11-11 13:43:52',NULL,NULL),(854,91,'SET',6,9300.00,'A',4,'2019-11-11 13:43:52',NULL,NULL),(895,80,'PCS',1,5000.00,'A',4,'2019-11-11 14:03:33',NULL,NULL),(896,80,'PCS',2,5000.00,'A',4,'2019-11-11 14:03:33',NULL,NULL),(897,80,'PCS',4,5000.00,'A',4,'2019-11-11 14:03:33',NULL,NULL),(898,80,'PCS',5,5000.00,'A',4,'2019-11-11 14:03:33',NULL,NULL),(899,80,'PCS',6,5000.00,'A',4,'2019-11-11 14:03:33',NULL,NULL),(950,101,'PCS',1,1300.00,'A',4,'2019-11-11 15:29:45',NULL,NULL),(951,101,'PCS',2,1300.00,'A',4,'2019-11-11 15:29:45',NULL,NULL),(952,101,'PCS',4,1300.00,'A',4,'2019-11-11 15:29:45',NULL,NULL),(953,101,'PCS',5,1300.00,'A',4,'2019-11-11 15:29:45',NULL,NULL),(954,101,'PCS',6,1300.00,'A',4,'2019-11-11 15:29:45',NULL,NULL),(960,94,'SET',1,87500.00,'A',4,'2019-11-11 15:35:19',NULL,NULL),(961,94,'SET',2,87500.00,'A',4,'2019-11-11 15:35:19',NULL,NULL),(962,94,'SET',4,46500.00,'A',4,'2019-11-11 15:35:19',NULL,NULL),(963,94,'SET',5,46500.00,'A',4,'2019-11-11 15:35:19',NULL,NULL),(964,94,'SET',6,44000.00,'A',4,'2019-11-11 15:35:19',NULL,NULL),(970,102,'KG',1,17200.00,'A',4,'2019-11-12 11:44:31',NULL,NULL),(971,102,'KG',2,17200.00,'A',4,'2019-11-12 11:44:31',NULL,NULL),(972,102,'KG',4,17200.00,'A',4,'2019-11-12 11:44:31',NULL,NULL),(973,102,'KG',5,17200.00,'A',4,'2019-11-12 11:44:31',NULL,NULL),(974,102,'KG',6,17200.00,'A',4,'2019-11-12 11:44:31',NULL,NULL),(975,103,'KG',1,202300.00,'A',4,'2019-11-12 11:48:57',NULL,NULL),(976,103,'KG',2,202300.00,'A',4,'2019-11-12 11:48:57',NULL,NULL),(977,103,'KG',4,202300.00,'A',4,'2019-11-12 11:48:57',NULL,NULL),(978,103,'KG',5,202300.00,'A',4,'2019-11-12 11:48:57',NULL,NULL),(979,103,'KG',6,202300.00,'A',4,'2019-11-12 11:48:57',NULL,NULL),(980,104,'GRS',1,14410.00,'A',4,'2019-11-12 12:00:35',NULL,NULL),(981,104,'GRS',2,14410.00,'A',4,'2019-11-12 12:00:35',NULL,NULL),(982,104,'GRS',4,14410.00,'A',4,'2019-11-12 12:00:35',NULL,NULL),(983,104,'GRS',5,14410.00,'A',4,'2019-11-12 12:00:35',NULL,NULL),(984,104,'GRS',6,14410.00,'A',4,'2019-11-12 12:00:35',NULL,NULL),(1050,177,'PCS',1,2750.00,'A',4,'2019-11-12 17:41:35',NULL,NULL),(1051,177,'PCS',2,2750.00,'A',4,'2019-11-12 17:41:35',NULL,NULL),(1052,177,'PCS',4,1250.00,'A',4,'2019-11-12 17:41:35',NULL,NULL),(1053,177,'PCS',5,1250.00,'A',4,'2019-11-12 17:41:35',NULL,NULL),(1054,177,'PCS',6,973.00,'A',4,'2019-11-12 17:41:35',NULL,NULL),(1060,176,'SET',1,19999.99,'A',4,'2019-11-12 18:16:36',NULL,NULL),(1061,176,'SET',2,19999.99,'A',4,'2019-11-12 18:16:36',NULL,NULL),(1062,176,'SET',4,19999.99,'A',4,'2019-11-12 18:16:36',NULL,NULL),(1063,176,'SET',5,14500.00,'A',4,'2019-11-12 18:16:36',NULL,NULL),(1064,176,'SET',6,14500.00,'A',4,'2019-11-12 18:16:36',NULL,NULL),(1075,178,'SET',1,19800.00,'A',4,'2019-11-13 14:05:58',NULL,NULL),(1076,178,'SET',2,19800.00,'A',4,'2019-11-13 14:05:58',NULL,NULL),(1077,178,'SET',4,13250.00,'A',4,'2019-11-13 14:05:58',NULL,NULL),(1078,178,'SET',5,13250.00,'A',4,'2019-11-13 14:05:58',NULL,NULL),(1079,178,'SET',6,12250.00,'A',4,'2019-11-13 14:05:58',NULL,NULL),(1105,107,'SET',1,15000.00,'A',4,'2019-11-15 11:36:34',NULL,NULL),(1106,107,'SET',2,15000.00,'A',4,'2019-11-15 11:36:34',NULL,NULL),(1107,107,'SET',4,8250.00,'A',4,'2019-11-15 11:36:34',NULL,NULL),(1108,107,'SET',5,8250.00,'A',4,'2019-11-15 11:36:34',NULL,NULL),(1109,107,'SET',6,7700.00,'A',4,'2019-11-15 11:36:34',NULL,NULL),(1110,182,'PCS',1,15000.00,'A',4,'2019-11-15 14:17:32',NULL,NULL),(1111,182,'PCS',2,15000.00,'A',4,'2019-11-15 14:17:32',NULL,NULL),(1112,182,'PCS',4,11250.00,'A',4,'2019-11-15 14:17:32',NULL,NULL),(1113,182,'PCS',5,11250.00,'A',4,'2019-11-15 14:17:32',NULL,NULL),(1114,182,'PCS',6,10600.00,'A',4,'2019-11-15 14:17:32',NULL,NULL),(1130,106,'RTG',1,5900.00,'A',4,'2019-11-15 14:29:37',NULL,NULL),(1131,106,'RTG',2,5900.00,'A',4,'2019-11-15 14:29:37',NULL,NULL),(1132,106,'RTG',4,5900.00,'A',4,'2019-11-15 14:29:37',NULL,NULL),(1133,106,'RTG',5,5900.00,'A',4,'2019-11-15 14:29:37',NULL,NULL),(1134,106,'RTG',6,5900.00,'A',4,'2019-11-15 14:29:37',NULL,NULL),(1145,66,'PCS',1,12350.00,'A',4,'2019-11-15 14:37:31',NULL,NULL),(1146,66,'PCS',2,12350.00,'A',4,'2019-11-15 14:37:31',NULL,NULL),(1147,66,'PCS',4,12350.00,'A',4,'2019-11-15 14:37:31',NULL,NULL),(1148,66,'PCS',5,12350.00,'A',4,'2019-11-15 14:37:31',NULL,NULL),(1149,66,'PCS',6,12350.00,'A',4,'2019-11-15 14:37:31',NULL,NULL),(1150,68,'SET',1,26000.00,'A',4,'2019-11-15 14:39:40',NULL,NULL),(1151,68,'SET',2,26000.00,'A',4,'2019-11-15 14:39:40',NULL,NULL),(1152,68,'SET',4,26000.00,'A',4,'2019-11-15 14:39:40',NULL,NULL),(1153,68,'SET',5,16000.00,'A',4,'2019-11-15 14:39:40',NULL,NULL),(1154,68,'SET',6,15200.00,'A',4,'2019-11-15 14:39:40',NULL,NULL),(1170,81,'PCS',1,3500.00,'A',4,'2019-11-15 14:50:11',NULL,NULL),(1171,81,'PCS',2,3500.00,'A',4,'2019-11-15 14:50:11',NULL,NULL),(1172,81,'PCS',4,2250.00,'A',4,'2019-11-15 14:50:11',NULL,NULL),(1173,81,'PCS',5,2250.00,'A',4,'2019-11-15 14:50:11',NULL,NULL),(1174,81,'PCS',6,2000.00,'A',4,'2019-11-15 14:50:11',NULL,NULL),(1180,87,'PCS',1,2900.00,'A',4,'2019-11-15 14:54:54',NULL,NULL),(1181,87,'PCS',2,2900.00,'A',4,'2019-11-15 14:54:54',NULL,NULL),(1182,87,'PCS',4,2900.00,'A',4,'2019-11-15 14:54:54',NULL,NULL),(1183,87,'PCS',5,1830.00,'A',4,'2019-11-15 14:54:54',NULL,NULL),(1184,87,'PCS',6,1830.00,'A',4,'2019-11-15 14:54:54',NULL,NULL),(1185,88,'PCS',1,3200.00,'A',4,'2019-11-15 14:56:39',NULL,NULL),(1186,88,'PCS',2,3200.00,'A',4,'2019-11-15 14:56:39',NULL,NULL),(1187,88,'PCS',4,1500.00,'A',4,'2019-11-15 14:56:39',NULL,NULL),(1188,88,'PCS',5,1500.00,'A',4,'2019-11-15 14:56:39',NULL,NULL),(1189,88,'PCS',6,1400.00,'A',4,'2019-11-15 14:56:39',NULL,NULL),(1190,92,'PCS',1,7200.00,'A',4,'2019-11-15 14:59:24',NULL,NULL),(1191,92,'PCS',2,7200.00,'A',4,'2019-11-15 14:59:24',NULL,NULL),(1192,92,'PCS',4,5000.00,'A',4,'2019-11-15 14:59:24',NULL,NULL),(1193,92,'PCS',5,5000.00,'A',4,'2019-11-15 14:59:24',NULL,NULL),(1194,92,'PCS',6,4600.00,'A',4,'2019-11-15 14:59:24',NULL,NULL),(1195,95,'SET',1,30000.00,'A',4,'2019-11-15 15:01:08',NULL,NULL),(1196,95,'SET',2,30000.00,'A',4,'2019-11-15 15:01:08',NULL,NULL),(1197,95,'SET',4,13750.00,'A',4,'2019-11-15 15:01:08',NULL,NULL),(1198,95,'SET',5,13750.00,'A',4,'2019-11-15 15:01:08',NULL,NULL),(1199,95,'SET',6,13000.00,'A',4,'2019-11-15 15:01:08',NULL,NULL),(1200,96,'PCS',1,8400.00,'A',4,'2019-11-15 15:02:56',NULL,NULL),(1201,96,'PCS',2,8400.00,'A',4,'2019-11-15 15:02:56',NULL,NULL),(1202,96,'PCS',4,4000.00,'A',4,'2019-11-15 15:02:56',NULL,NULL),(1203,96,'PCS',5,4000.00,'A',4,'2019-11-15 15:02:56',NULL,NULL),(1204,96,'PCS',6,3600.00,'A',4,'2019-11-15 15:02:56',NULL,NULL),(1205,97,'PCS',1,12800.00,'A',4,'2019-11-15 15:04:42',NULL,NULL),(1206,97,'PCS',2,12800.00,'A',4,'2019-11-15 15:04:42',NULL,NULL),(1207,97,'PCS',4,8000.00,'A',4,'2019-11-15 15:04:42',NULL,NULL),(1208,97,'PCS',5,8000.00,'A',4,'2019-11-15 15:04:42',NULL,NULL),(1209,97,'PCS',6,7500.00,'A',4,'2019-11-15 15:04:42',NULL,NULL),(1215,108,'PCS',1,3500.00,'A',4,'2019-11-15 15:10:06',NULL,NULL),(1216,108,'PCS',2,3500.00,'A',4,'2019-11-15 15:10:06',NULL,NULL),(1217,108,'PCS',4,1750.00,'A',4,'2019-11-15 15:10:06',NULL,NULL),(1218,108,'PCS',5,1750.00,'A',4,'2019-11-15 15:10:06',NULL,NULL),(1219,108,'PCS',6,1500.00,'A',4,'2019-11-15 15:10:06',NULL,NULL),(1220,109,'SET',1,4500.00,'A',4,'2019-11-15 15:11:23',NULL,NULL),(1221,109,'SET',2,4500.00,'A',4,'2019-11-15 15:11:23',NULL,NULL),(1222,109,'SET',4,4500.00,'A',4,'2019-11-15 15:11:23',NULL,NULL),(1223,109,'SET',5,4500.00,'A',4,'2019-11-15 15:11:23',NULL,NULL),(1224,109,'SET',6,4500.00,'A',4,'2019-11-15 15:11:23',NULL,NULL),(1225,118,'SET',1,255000.00,'A',4,'2019-11-15 15:14:03',NULL,NULL),(1226,118,'SET',2,255000.00,'A',4,'2019-11-15 15:14:03',NULL,NULL),(1227,118,'SET',4,142250.00,'A',4,'2019-11-15 15:14:03',NULL,NULL),(1228,118,'SET',5,142250.00,'A',4,'2019-11-15 15:14:03',NULL,NULL),(1229,118,'SET',6,135000.00,'A',4,'2019-11-15 15:14:03',NULL,NULL),(1230,173,'SET',1,58000.00,'A',4,'2019-11-15 15:17:00',NULL,NULL),(1231,173,'SET',2,58000.00,'A',4,'2019-11-15 15:17:00',NULL,NULL),(1232,173,'SET',4,27250.00,'A',4,'2019-11-15 15:17:00',NULL,NULL),(1233,173,'SET',5,27250.00,'A',4,'2019-11-15 15:17:00',NULL,NULL),(1234,173,'SET',6,25700.00,'A',4,'2019-11-15 15:17:00',NULL,NULL),(1235,175,'PCS',1,4500.00,'A',4,'2019-11-15 15:18:53',NULL,NULL),(1236,175,'PCS',2,4500.00,'A',4,'2019-11-15 15:18:53',NULL,NULL),(1237,175,'PCS',4,3250.00,'A',4,'2019-11-15 15:18:53',NULL,NULL),(1238,175,'PCS',5,3250.00,'A',4,'2019-11-15 15:18:53',NULL,NULL),(1239,175,'PCS',6,3000.00,'A',4,'2019-11-15 15:18:53',NULL,NULL),(1240,179,'PCS',1,10400.00,'A',4,'2019-11-15 15:22:03',NULL,NULL),(1241,179,'PCS',2,10400.00,'A',4,'2019-11-15 15:22:03',NULL,NULL),(1242,179,'PCS',4,6750.00,'A',4,'2019-11-15 15:22:03',NULL,NULL),(1243,179,'PCS',5,6750.00,'A',4,'2019-11-15 15:22:03',NULL,NULL),(1244,179,'PCS',6,6200.00,'A',4,'2019-11-15 15:22:03',NULL,NULL),(1245,180,'BOX',1,241999.99,'A',4,'2019-11-15 15:23:16',NULL,NULL),(1246,180,'BOX',2,241999.99,'A',4,'2019-11-15 15:23:16',NULL,NULL),(1247,180,'BOX',4,152750.10,'A',4,'2019-11-15 15:23:16',NULL,NULL),(1248,180,'BOX',5,152750.10,'A',4,'2019-11-15 15:23:17',NULL,NULL),(1249,180,'BOX',6,145000.00,'A',4,'2019-11-15 15:23:17',NULL,NULL),(1250,181,'PACK',1,6500.00,'A',4,'2019-11-15 15:24:44',NULL,NULL),(1251,181,'PACK',2,6500.00,'A',4,'2019-11-15 15:24:44',NULL,NULL),(1252,181,'PACK',4,4000.00,'A',4,'2019-11-15 15:24:44',NULL,NULL),(1253,181,'PACK',5,4000.00,'A',4,'2019-11-15 15:24:44',NULL,NULL),(1254,181,'PACK',6,3600.00,'A',4,'2019-11-15 15:24:44',NULL,NULL),(1345,186,'LSN',1,75000.00,'A',4,'2019-11-20 10:11:53',NULL,NULL),(1346,186,'LSN',2,75000.00,'A',4,'2019-11-20 10:11:53',NULL,NULL),(1347,186,'LSN',4,47500.00,'A',4,'2019-11-20 10:11:53',NULL,NULL),(1348,186,'LSN',5,47500.00,'A',4,'2019-11-20 10:11:53',NULL,NULL),(1349,186,'LSN',6,45000.00,'A',4,'2019-11-20 10:11:53',NULL,NULL),(1365,187,'PCS',1,4500.00,'A',4,'2019-11-27 09:35:25',NULL,NULL),(1366,187,'PCS',2,4500.00,'A',4,'2019-11-27 09:35:25',NULL,NULL),(1367,187,'PCS',4,3250.00,'A',4,'2019-11-27 09:35:25',NULL,NULL),(1368,187,'PCS',5,3250.00,'A',4,'2019-11-27 09:35:25',NULL,NULL),(1369,187,'PCS',6,3000.00,'A',4,'2019-11-27 09:35:25',NULL,NULL),(1380,65,'TAB',1,5900.00,'A',4,'2019-11-27 15:35:03',NULL,NULL),(1381,65,'TAB',2,5900.00,'A',4,'2019-11-27 15:35:03',NULL,NULL),(1382,65,'TAB',4,5900.00,'A',4,'2019-11-27 15:35:03',NULL,NULL),(1383,65,'TAB',5,5900.00,'A',4,'2019-11-27 15:35:03',NULL,NULL),(1384,65,'TAB',6,5900.00,'A',4,'2019-11-27 15:35:03',NULL,NULL),(1385,67,'BOX',1,48000.00,'A',4,'2019-11-27 15:35:50',NULL,NULL),(1386,67,'BOX',2,48000.00,'A',4,'2019-11-27 15:35:50',NULL,NULL),(1387,67,'BOX',4,21500.00,'A',4,'2019-11-27 15:35:50',NULL,NULL),(1388,67,'BOX',5,21500.00,'A',4,'2019-11-27 15:35:50',NULL,NULL),(1389,67,'BOX',6,20200.00,'A',4,'2019-11-27 15:35:50',NULL,NULL),(1390,70,'SET',1,72000.00,'A',4,'2019-11-27 15:36:32',NULL,NULL),(1391,70,'SET',2,72000.00,'A',4,'2019-11-27 15:36:32',NULL,NULL),(1392,70,'SET',4,31750.00,'A',4,'2019-11-27 15:36:32',NULL,NULL),(1393,70,'SET',5,31750.00,'A',4,'2019-11-27 15:36:32',NULL,NULL),(1394,70,'SET',6,30100.00,'A',4,'2019-11-27 15:36:32',NULL,NULL),(1395,71,'PCS',1,7000.00,'A',4,'2019-11-27 15:37:05',NULL,NULL),(1396,71,'PCS',2,7000.00,'A',4,'2019-11-27 15:37:05',NULL,NULL),(1397,71,'PCS',4,4750.00,'A',4,'2019-11-27 15:37:05',NULL,NULL),(1398,71,'PCS',5,4750.00,'A',4,'2019-11-27 15:37:05',NULL,NULL),(1399,71,'PCS',6,4500.00,'A',4,'2019-11-27 15:37:05',NULL,NULL),(1400,73,'PCS',1,4500.00,'A',4,'2019-11-27 15:38:08',NULL,NULL),(1401,73,'PCS',2,4500.00,'A',4,'2019-11-27 15:38:08',NULL,NULL),(1402,73,'PCS',4,3250.00,'A',4,'2019-11-27 15:38:09',NULL,NULL),(1403,73,'PCS',5,3250.00,'A',4,'2019-11-27 15:38:09',NULL,NULL),(1404,73,'PCS',6,3000.00,'A',4,'2019-11-27 15:38:09',NULL,NULL),(1410,82,'PCS',1,5200.00,'A',4,'2019-11-27 15:40:03',NULL,NULL),(1411,82,'PCS',2,5200.00,'A',4,'2019-11-27 15:40:03',NULL,NULL),(1412,82,'PCS',4,5500.00,'A',4,'2019-11-27 15:40:03',NULL,NULL),(1413,82,'PCS',5,5500.00,'A',4,'2019-11-27 15:40:03',NULL,NULL),(1414,82,'PCS',6,5200.00,'A',4,'2019-11-27 15:40:03',NULL,NULL),(1415,98,'SET',1,22500.00,'A',4,'2019-11-27 15:40:33',NULL,NULL),(1416,98,'SET',2,22500.00,'A',4,'2019-11-27 15:40:33',NULL,NULL),(1417,98,'SET',4,13500.00,'A',4,'2019-11-27 15:40:33',NULL,NULL),(1418,98,'SET',5,13500.00,'A',4,'2019-11-27 15:40:33',NULL,NULL),(1419,98,'SET',6,12800.00,'A',4,'2019-11-27 15:40:33',NULL,NULL),(1420,62,'SET',1,54000.00,'A',4,'2019-12-06 09:36:23',NULL,NULL),(1421,62,'SET',2,54000.00,'A',4,'2019-12-06 09:36:23',NULL,NULL),(1422,62,'SET',4,35500.00,'A',4,'2019-12-06 09:36:23',NULL,NULL),(1423,62,'SET',5,35500.00,'A',4,'2019-12-06 09:36:23',NULL,NULL),(1424,62,'SET',6,33500.00,'A',4,'2019-12-06 09:36:23',NULL,NULL),(1425,63,'SET',1,124500.00,'A',4,'2019-12-06 09:39:46',NULL,NULL),(1426,63,'SET',2,124500.00,'A',4,'2019-12-06 09:39:46',NULL,NULL),(1427,63,'SET',4,76250.00,'A',4,'2019-12-06 09:39:46',NULL,NULL),(1428,63,'SET',5,76250.00,'A',4,'2019-12-06 09:39:46',NULL,NULL),(1429,63,'SET',6,72300.00,'A',4,'2019-12-06 09:39:46',NULL,NULL),(1430,64,'PCS',1,4200.00,'A',12,'2019-12-06 09:42:21',NULL,NULL),(1431,64,'PCS',2,4200.00,'A',12,'2019-12-06 09:42:21',NULL,NULL),(1432,64,'PCS',4,4200.00,'A',12,'2019-12-06 09:42:21',NULL,NULL),(1433,64,'PCS',5,4200.00,'A',12,'2019-12-06 09:42:22',NULL,NULL),(1434,64,'PCS',6,4200.00,'A',12,'2019-12-06 09:42:22',NULL,NULL),(1435,189,'PCS',1,5000.00,'A',12,'2019-12-10 17:52:25',NULL,NULL),(1436,189,'PCS',2,6000.00,'A',12,'2019-12-10 17:52:25',NULL,NULL),(1437,191,'SET',1,62000.00,'A',4,'2019-12-20 10:05:59',NULL,NULL),(1438,191,'SET',2,62000.00,'A',4,'2019-12-20 10:05:59',NULL,NULL),(1439,191,'SET',4,27000.00,'A',4,'2019-12-20 10:05:59',NULL,NULL),(1440,191,'SET',5,27000.00,'A',4,'2019-12-20 10:05:59',NULL,NULL),(1441,191,'SET',6,25500.00,'A',4,'2019-12-20 10:05:59',NULL,NULL);

/*Table structure for table `msitemunitdetails` */

DROP TABLE IF EXISTS `msitemunitdetails`;

CREATE TABLE `msitemunitdetails` (
  `fin_rec_id` int(11) NOT NULL AUTO_INCREMENT,
  `fin_item_id` int(11) NOT NULL,
  `fst_unit` varchar(100) NOT NULL,
  `fbl_is_basic_unit` tinyint(1) NOT NULL DEFAULT 0,
  `fdc_conv_to_basic_unit` decimal(12,2) NOT NULL DEFAULT 1.00,
  `fbl_is_selling` tinyint(1) DEFAULT 0,
  `fbl_is_buying` tinyint(1) NOT NULL DEFAULT 0,
  `fbl_is_retail` tinyint(1) DEFAULT 0 COMMENT 'Unit di gunakan di POS, Cuma boleh 1',
  `fbl_is_production_output` tinyint(1) NOT NULL DEFAULT 0,
  `fdc_price_list` decimal(12,2) NOT NULL DEFAULT 0.00,
  `fdc_het` decimal(12,2) DEFAULT 0.00 COMMENT '*Harga Eceran Terendah',
  `fdc_last_buy_price` decimal(12,2) DEFAULT 0.00 COMMENT 'Harga beli terakhir',
  `fst_active` enum('A','S','D') NOT NULL,
  `fin_insert_id` int(11) NOT NULL,
  `fdt_insert_datetime` datetime NOT NULL,
  `fin_update_id` int(11) DEFAULT NULL,
  `fdt_update_datetime` datetime DEFAULT NULL,
  PRIMARY KEY (`fin_rec_id`)
) ENGINE=InnoDB AUTO_INCREMENT=1275 DEFAULT CHARSET=utf8;

/*Data for the table `msitemunitdetails` */

insert  into `msitemunitdetails`(`fin_rec_id`,`fin_item_id`,`fst_unit`,`fbl_is_basic_unit`,`fdc_conv_to_basic_unit`,`fbl_is_selling`,`fbl_is_buying`,`fbl_is_retail`,`fbl_is_production_output`,`fdc_price_list`,`fdc_het`,`fdc_last_buy_price`,`fst_active`,`fin_insert_id`,`fdt_insert_datetime`,`fin_update_id`,`fdt_update_datetime`) values (840,76,'LBR',1,1.00,1,1,0,0,0.00,0.00,0.00,'A',4,'2019-11-11 10:41:51',NULL,NULL),(841,77,'PCS',1,1.00,1,1,0,0,0.00,0.00,0.00,'A',4,'2019-11-11 10:45:15',NULL,NULL),(845,78,'SET',1,1.00,1,1,0,0,0.00,0.00,0.00,'A',4,'2019-11-11 11:01:31',NULL,NULL),(875,84,'PCS',1,1.00,1,1,0,0,0.00,0.00,0.00,'A',4,'2019-11-11 12:10:43',NULL,NULL),(877,69,'PCS',1,1.00,1,1,0,0,11000.00,0.00,0.00,'A',4,'2019-11-11 12:19:19',NULL,NULL),(885,72,'PCS',1,1.00,1,1,0,0,0.00,0.00,0.00,'A',4,'2019-11-11 12:39:34',NULL,NULL),(888,79,'PCS',1,1.00,1,1,0,0,0.00,0.00,0.00,'A',4,'2019-11-11 12:42:34',NULL,NULL),(907,86,'SET',1,1.00,1,1,0,0,8800.00,0.00,0.00,'A',4,'2019-11-11 13:21:54',NULL,NULL),(916,93,'PCS',1,1.00,1,1,0,0,0.00,0.00,0.00,'A',4,'2019-11-11 13:42:34',NULL,NULL),(917,91,'SET',1,1.00,1,1,0,0,9300.00,0.00,0.00,'A',4,'2019-11-11 13:43:50',NULL,NULL),(938,80,'PCS',1,1.00,1,1,0,0,5000.00,0.00,0.00,'A',4,'2019-11-11 14:03:33',NULL,NULL),(942,83,'PCS',1,1.00,1,1,0,0,0.00,0.00,0.00,'A',4,'2019-11-11 14:05:50',NULL,NULL),(943,85,'PCS',1,1.00,1,1,0,0,0.00,0.00,0.00,'A',4,'2019-11-11 14:06:56',NULL,NULL),(947,89,'PCS',1,1.00,1,1,0,0,0.00,0.00,0.00,'A',4,'2019-11-11 14:11:12',NULL,NULL),(975,99,'SET',1,1.00,1,1,0,0,0.00,0.00,0.00,'A',4,'2019-11-11 15:16:12',NULL,NULL),(976,100,'PCS',1,1.00,1,1,0,0,0.00,0.00,0.00,'A',4,'2019-11-11 15:19:28',NULL,NULL),(982,101,'PCS',1,1.00,1,1,0,0,1300.00,0.00,0.00,'A',4,'2019-11-11 15:29:45',NULL,NULL),(984,94,'SET',1,1.00,1,1,0,0,44000.00,0.00,0.00,'A',4,'2019-11-11 15:35:18',NULL,NULL),(989,102,'KG',1,1.00,1,1,0,1,17200.00,0.00,0.00,'A',4,'2019-11-12 11:44:31',NULL,NULL),(991,103,'KG',1,1.00,1,1,0,1,202300.00,0.00,0.00,'A',4,'2019-11-12 11:48:57',NULL,NULL),(993,104,'GRS',1,1.00,1,1,0,1,14410.00,0.00,0.00,'A',4,'2019-11-12 12:00:35',NULL,NULL),(995,105,'PCS',1,1.00,1,1,0,1,0.00,0.00,0.00,'A',4,'2019-11-12 12:05:11',NULL,NULL),(1014,110,'LBR',1,1.00,1,1,0,1,2000.00,0.00,0.00,'A',4,'2019-11-12 14:48:10',NULL,NULL),(1015,111,'PCS',1,1.00,1,1,0,1,100.00,0.00,0.00,'A',4,'2019-11-12 14:51:54',NULL,NULL),(1019,113,'PCS',1,1.00,1,1,0,1,0.00,0.00,0.00,'A',4,'2019-11-12 15:00:40',NULL,NULL),(1024,117,'PCS',1,1.00,1,1,0,1,0.00,0.00,0.00,'A',4,'2019-11-12 15:31:05',NULL,NULL),(1048,177,'PCS',1,1.00,1,1,0,1,973.00,0.00,0.00,'A',4,'2019-11-12 17:41:35',NULL,NULL),(1050,112,'PCS',1,1.00,1,1,0,1,100.00,0.00,0.00,'A',4,'2019-11-12 18:11:55',NULL,NULL),(1051,174,'SET',1,1.00,1,1,0,1,0.00,0.00,0.00,'A',4,'2019-11-12 18:14:18',NULL,NULL),(1052,176,'SET',1,1.00,1,1,0,1,14500.00,0.00,0.00,'A',4,'2019-11-12 18:16:36',NULL,NULL),(1061,178,'SET',1,1.00,1,1,0,1,12500.00,0.00,0.00,'A',4,'2019-11-13 14:05:58',NULL,NULL),(1082,116,'PCS',1,1.00,1,1,0,1,0.00,0.00,0.00,'A',4,'2019-11-15 11:24:07',NULL,NULL),(1083,115,'PCS',1,1.00,1,1,0,1,0.00,0.00,0.00,'A',4,'2019-11-15 11:24:40',NULL,NULL),(1084,114,'PCS',1,1.00,1,1,0,1,0.00,0.00,0.00,'A',4,'2019-11-15 11:25:08',NULL,NULL),(1085,74,'PCS',1,1.00,1,1,0,0,0.00,0.00,0.00,'A',4,'2019-11-15 11:27:40',NULL,NULL),(1087,107,'SET',1,1.00,1,1,0,1,7700.00,0.00,0.00,'A',4,'2019-11-15 11:36:33',NULL,NULL),(1088,182,'PCS',1,1.00,1,1,0,1,10600.00,0.00,0.00,'A',4,'2019-11-15 14:17:32',NULL,NULL),(1089,182,'BOX',0,5.00,1,1,0,0,183600.00,0.00,0.00,'A',4,'2019-11-15 14:17:32',NULL,NULL),(1090,182,'CTN',0,10.00,1,1,0,0,4406400.00,0.00,0.00,'A',4,'2019-11-15 14:17:32',NULL,NULL),(1098,106,'RTG',1,1.00,1,1,0,1,5900.00,0.00,0.00,'A',4,'2019-11-15 14:29:36',NULL,NULL),(1099,106,'CTN',0,10.00,1,1,0,0,826000.00,0.00,0.00,'A',4,'2019-11-15 14:29:36',NULL,NULL),(1104,66,'PCS',1,1.00,1,1,0,0,12350.00,0.00,0.00,'A',4,'2019-11-15 14:37:31',NULL,NULL),(1105,66,'CTN',0,10.00,1,1,0,0,3556800.00,0.00,0.00,'A',4,'2019-11-15 14:37:31',NULL,NULL),(1106,68,'SET',1,1.00,1,1,0,0,15200.00,0.00,0.00,'A',4,'2019-11-15 14:39:40',NULL,NULL),(1107,68,'CTN',0,10.00,1,1,0,0,4377600.00,0.00,0.00,'A',4,'2019-11-15 14:39:40',NULL,NULL),(1116,81,'PCS',1,1.00,1,1,0,0,2000.00,0.00,0.00,'A',4,'2019-11-15 14:50:11',NULL,NULL),(1117,81,'BOX',0,5.00,1,1,0,0,153720.00,0.00,0.00,'A',4,'2019-11-15 14:50:11',NULL,NULL),(1118,81,'CTN',0,10.00,1,1,0,0,6148800.00,0.00,0.00,'A',4,'2019-11-15 14:50:11',NULL,NULL),(1122,87,'PCS',1,1.00,1,1,0,0,1830.00,0.00,0.00,'A',4,'2019-11-15 14:54:54',NULL,NULL),(1123,87,'CTN',0,10.00,1,1,0,0,9150000.00,0.00,0.00,'A',4,'2019-11-15 14:54:54',NULL,NULL),(1124,88,'PCS',1,1.00,1,1,0,0,1400.00,0.00,0.00,'A',4,'2019-11-15 14:56:38',NULL,NULL),(1125,88,'BOX',0,5.00,1,1,0,0,56000.00,0.00,0.00,'A',4,'2019-11-15 14:56:38',NULL,NULL),(1126,88,'CTN',0,10.00,1,1,0,0,2240000.00,0.00,0.00,'A',4,'2019-11-15 14:56:39',NULL,NULL),(1127,92,'PCS',1,1.00,1,1,0,0,4600.00,0.00,0.00,'A',4,'2019-11-15 14:59:23',NULL,NULL),(1128,92,'BOX',0,5.00,1,1,0,0,93600.00,0.00,0.00,'A',4,'2019-11-15 14:59:23',NULL,NULL),(1129,92,'CTN',0,10.00,1,1,0,0,1497600.00,0.00,0.00,'A',4,'2019-11-15 14:59:23',NULL,NULL),(1130,95,'SET',1,1.00,1,1,0,0,13000.00,0.00,0.00,'A',4,'2019-11-15 15:01:08',NULL,NULL),(1131,95,'CTN',0,10.00,1,1,0,0,1872000.00,0.00,0.00,'A',4,'2019-11-15 15:01:08',NULL,NULL),(1132,96,'PCS',1,1.00,1,1,0,0,3600.00,0.00,0.00,'A',4,'2019-11-15 15:02:56',NULL,NULL),(1133,96,'BOX',0,5.00,1,1,0,0,72000.00,0.00,0.00,'A',4,'2019-11-15 15:02:56',NULL,NULL),(1134,96,'CTN',0,10.00,1,1,0,0,2880000.00,0.00,0.00,'A',4,'2019-11-15 15:02:56',NULL,NULL),(1135,97,'PCS',1,1.00,1,1,0,0,7500.00,0.00,0.00,'A',4,'2019-11-15 15:04:42',NULL,NULL),(1136,97,'BOX',0,5.00,1,1,0,0,81600.00,0.00,0.00,'A',4,'2019-11-15 15:04:42',NULL,NULL),(1137,97,'CTN',0,10.00,1,1,0,0,2611200.00,0.00,0.00,'A',4,'2019-11-15 15:04:42',NULL,NULL),(1140,108,'PCS',1,1.00,1,1,0,1,1500.00,0.00,0.00,'A',4,'2019-11-15 15:10:06',NULL,NULL),(1141,108,'BOX',0,5.00,1,1,0,0,60000.00,0.00,0.00,'A',4,'2019-11-15 15:10:06',NULL,NULL),(1142,108,'CTN',0,10.00,1,1,0,0,2400000.00,0.00,0.00,'A',4,'2019-11-15 15:10:06',NULL,NULL),(1143,109,'SET',1,1.00,1,1,0,1,4500.00,0.00,0.00,'A',4,'2019-11-15 15:11:22',NULL,NULL),(1144,109,'CTN',0,10.00,1,1,0,0,675000.00,0.00,0.00,'A',4,'2019-11-15 15:11:22',NULL,NULL),(1145,118,'SET',1,1.00,1,1,0,1,13500.00,0.00,0.00,'A',4,'2019-11-15 15:14:03',NULL,NULL),(1146,118,'CTN',0,10.00,1,1,0,0,3996000.00,0.00,0.00,'A',4,'2019-11-15 15:14:03',NULL,NULL),(1147,173,'SET',1,1.00,1,1,0,1,25700.00,0.00,0.00,'A',4,'2019-11-15 15:17:00',NULL,NULL),(1148,173,'INNER',0,5.00,1,1,0,0,1233600.00,0.00,0.00,'A',4,'2019-11-15 15:17:00',NULL,NULL),(1149,173,'CTN',0,10.00,1,1,0,0,2467200.00,0.00,0.00,'A',4,'2019-11-15 15:17:00',NULL,NULL),(1150,175,'PCS',1,1.00,1,1,0,1,3000.00,0.00,0.00,'A',4,'2019-11-15 15:18:53',NULL,NULL),(1151,175,'CTN',0,10.00,1,1,0,0,12320000.00,0.00,0.00,'A',4,'2019-11-15 15:18:53',NULL,NULL),(1152,179,'PCS',1,1.00,1,1,0,1,6200.00,0.00,0.00,'A',4,'2019-11-15 15:22:03',NULL,NULL),(1153,179,'BOX',0,5.00,1,1,0,0,134400.00,0.00,0.00,'A',4,'2019-11-15 15:22:03',NULL,NULL),(1154,179,'CTN',0,10.00,1,1,0,0,2150400.00,0.00,0.00,'A',4,'2019-11-15 15:22:03',NULL,NULL),(1155,180,'BOX',1,1.00,1,1,0,1,145000.00,0.00,0.00,'A',4,'2019-11-15 15:23:16',NULL,NULL),(1156,180,'CTN',0,10.00,1,1,0,0,5400000.00,0.00,0.00,'A',4,'2019-11-15 15:23:16',NULL,NULL),(1157,181,'PACK',1,1.00,1,1,0,1,3600.00,0.00,0.00,'A',4,'2019-11-15 15:24:43',NULL,NULL),(1158,181,'CTN',0,10.00,1,1,0,0,5611200.00,0.00,0.00,'A',4,'2019-11-15 15:24:43',NULL,NULL),(1167,184,'LBR',1,1.00,0,1,0,1,0.00,0.00,0.00,'A',12,'2019-11-19 10:01:04',NULL,NULL),(1168,184,'INNER',0,100.00,0,1,0,0,0.00,0.00,0.00,'A',12,'2019-11-19 10:01:04',NULL,NULL),(1217,185,'PCS',1,1.00,1,1,0,0,56000.00,0.00,0.00,'A',12,'2019-11-20 09:55:35',NULL,NULL),(1218,185,'LSN',0,12.00,1,1,0,0,570000.00,0.00,0.00,'A',12,'2019-11-20 09:55:36',NULL,NULL),(1221,186,'LSN',1,1.00,1,1,0,1,45000.00,0.00,0.00,'A',4,'2019-11-20 10:11:53',NULL,NULL),(1222,186,'CTN',0,10.00,1,1,0,0,4320000.00,0.00,0.00,'A',4,'2019-11-20 10:11:53',NULL,NULL),(1232,187,'PCS',1,1.00,1,1,0,1,3000.00,0.00,0.00,'A',4,'2019-11-27 09:35:25',NULL,NULL),(1233,187,'CTN',0,2880.00,1,1,0,0,8064000.00,0.00,0.00,'A',4,'2019-11-27 09:35:25',NULL,NULL),(1237,65,'TAB',1,1.00,1,1,0,0,5900.00,0.00,0.00,'A',4,'2019-11-27 15:35:03',NULL,NULL),(1238,65,'CTN',0,10.00,1,1,0,0,1416000.00,0.00,0.00,'A',4,'2019-11-27 15:35:03',NULL,NULL),(1239,67,'BOX',1,1.00,1,1,0,0,20200.00,0.00,0.00,'A',4,'2019-11-27 15:35:50',NULL,NULL),(1240,70,'SET',1,1.00,1,1,0,0,30100.00,0.00,0.00,'A',4,'2019-11-27 15:36:32',NULL,NULL),(1241,70,'INNER',0,5.00,1,1,0,0,1083600.00,0.00,0.00,'A',4,'2019-11-27 15:36:32',NULL,NULL),(1242,70,'CTN',0,10.00,1,1,0,0,2167200.00,0.00,0.00,'A',4,'2019-11-27 15:36:32',NULL,NULL),(1243,71,'PCS',1,1.00,1,1,0,0,4500.00,0.00,0.00,'A',4,'2019-11-27 15:37:05',NULL,NULL),(1244,71,'BOX',0,5.00,1,1,0,0,78000.00,0.00,0.00,'A',4,'2019-11-27 15:37:05',NULL,NULL),(1245,71,'CTN',0,10.00,1,1,0,0,5616000.00,0.00,0.00,'A',4,'2019-11-27 15:37:05',NULL,NULL),(1246,75,'PCS',1,1.00,1,1,0,0,0.00,0.00,0.00,'A',4,'2019-11-27 15:37:35',NULL,NULL),(1247,73,'PCS',1,1.00,1,1,0,0,3000.00,0.00,0.00,'A',4,'2019-11-27 15:38:08',NULL,NULL),(1248,73,'CTN',0,10.00,1,1,0,0,8640000.00,0.00,0.00,'A',4,'2019-11-27 15:38:08',NULL,NULL),(1251,90,'PCS',1,1.00,1,1,0,0,0.00,0.00,0.00,'A',4,'2019-11-27 15:39:30',NULL,NULL),(1252,82,'PCS',1,1.00,1,1,0,0,5200.00,0.00,0.00,'A',4,'2019-11-27 15:40:02',NULL,NULL),(1253,82,'BOX',0,5.00,1,1,0,0,90000.00,0.00,0.00,'A',4,'2019-11-27 15:40:02',NULL,NULL),(1254,82,'CTN',0,10.00,1,1,0,0,2250000.00,0.00,0.00,'A',4,'2019-11-27 15:40:02',NULL,NULL),(1255,98,'SET',1,1.00,1,1,0,0,12800.00,0.00,0.00,'A',4,'2019-11-27 15:40:33',NULL,NULL),(1256,98,'CTN',0,10.00,1,1,0,0,5664000.00,0.00,0.00,'A',4,'2019-11-27 15:40:33',NULL,NULL),(1257,0,'PCS',1,1.00,1,1,1,0,1.00,1.00,1.00,'A',4,'2019-11-11 10:41:51',NULL,NULL),(1258,1,'LBR',1,1.00,1,1,1,0,1.00,1.00,1.00,'A',4,'2019-11-11 10:41:51',NULL,NULL),(1259,62,'SET',1,1.00,1,1,0,1,33500.00,0.00,0.00,'A',4,'2019-12-06 09:36:22',NULL,NULL),(1260,62,'BOX',0,5.00,1,1,0,0,183000.00,0.00,0.00,'A',4,'2019-12-06 09:36:22',NULL,NULL),(1261,62,'CTN',0,10.00,1,1,0,0,7320000.00,0.00,0.00,'A',4,'2019-12-06 09:36:22',NULL,NULL),(1262,63,'SET',1,1.00,1,1,0,1,72300.00,0.00,0.00,'A',4,'2019-12-06 09:39:45',NULL,NULL),(1263,63,'CTN',0,10.00,1,1,0,0,535200.00,0.00,0.00,'A',4,'2019-12-06 09:39:46',NULL,NULL),(1264,64,'PCS',1,1.00,1,1,0,0,4200.00,0.00,0.00,'A',12,'2019-12-06 09:42:20',NULL,NULL),(1268,190,'PCS',1,1.00,1,1,0,0,33000.00,0.00,0.00,'A',12,'2019-12-10 11:39:32',NULL,NULL),(1269,189,'PCS',1,1.00,1,1,0,0,12000.00,0.00,0.00,'A',12,'2019-12-10 17:52:25',NULL,NULL),(1270,189,'LSN',0,12.00,1,1,0,0,62000.00,0.00,0.00,'A',12,'2019-12-10 17:52:25',NULL,NULL),(1273,191,'SET',1,1.00,1,1,0,1,25500.00,0.00,0.00,'A',4,'2019-12-20 10:05:59',NULL,NULL),(1274,191,'CTN',0,10.00,1,1,0,0,6120000.00,0.00,0.00,'A',4,'2019-12-20 10:05:59',NULL,NULL);

/*Table structure for table `mskasbank` */

DROP TABLE IF EXISTS `mskasbank`;

CREATE TABLE `mskasbank` (
  `fin_kasbank_id` int(11) NOT NULL AUTO_INCREMENT,
  `fst_kasbank_name` varchar(125) DEFAULT NULL,
  `fst_prefix_pengeluaran` varchar(10) DEFAULT NULL,
  `fst_prefix_pemasukan` varchar(10) DEFAULT NULL,
  `fst_type` enum('Cash','Bank') DEFAULT NULL,
  `fst_gl_account_code` varchar(100) DEFAULT NULL,
  `fst_active` enum('A','S','D') DEFAULT NULL,
  `fin_insert_id` int(11) DEFAULT NULL,
  `fdt_insert_datetime` datetime DEFAULT NULL,
  `fin_update_id` int(11) DEFAULT NULL,
  `fdt_update_datetime` datetime DEFAULT NULL,
  PRIMARY KEY (`fin_kasbank_id`)
) ENGINE=InnoDB AUTO_INCREMENT=8 DEFAULT CHARSET=latin1;

/*Data for the table `mskasbank` */

insert  into `mskasbank`(`fin_kasbank_id`,`fst_kasbank_name`,`fst_prefix_pengeluaran`,`fst_prefix_pemasukan`,`fst_type`,`fst_gl_account_code`,`fst_active`,`fin_insert_id`,`fdt_insert_datetime`,`fin_update_id`,`fdt_update_datetime`) values (1,'ADJUSMENT','ADJ','ADJ','Cash','111.111.002','A',1,'2019-09-19 11:50:26',4,'2019-12-02 11:35:11'),(2,'BANK BCA 5830-1993-83','BCA1','BCA1','Cash','111.112.001','A',1,'2019-09-19 11:50:26',NULL,NULL),(3,'BANK BCA 6450-3888-72','BCA2','BCA1','Bank','111.112.004','A',1,'2019-09-19 11:50:26',NULL,NULL),(4,'PETTY CASH','PC-0','PC-0','Cash','111.111.001','A',1,'2019-09-19 11:50:26',NULL,NULL),(5,'PETTY CASH GUDANG','PC-1','PC-1','Bank','111.111.012','A',1,'2019-09-19 11:50:26',NULL,NULL),(6,'BANK DKI 3000 8045 045','DKI1','DKI2','Bank','111.112.008','A',4,'2019-11-06 16:49:06',NULL,NULL),(7,'BANK BCA 6450-3888-82','BCA1','BCA2','Cash','1111.111.112','A',4,'2019-11-13 11:25:52',4,'2019-11-13 11:47:02');

/*Table structure for table `mskasbanknumbering` */

DROP TABLE IF EXISTS `mskasbanknumbering`;

CREATE TABLE `mskasbanknumbering` (
  `fin_rec_id` int(11) NOT NULL AUTO_INCREMENT,
  `fst_kasbank_no` varchar(25) DEFAULT NULL,
  `fdt_insert_datetime` datetime DEFAULT NULL,
  PRIMARY KEY (`fin_rec_id`)
) ENGINE=MyISAM AUTO_INCREMENT=73 DEFAULT CHARSET=latin1;

/*Data for the table `mskasbanknumbering` */

insert  into `mskasbanknumbering`(`fin_rec_id`,`fst_kasbank_no`,`fdt_insert_datetime`) values (1,'DKI2/JKT/2019/12/00001','2019-12-27 16:42:28'),(2,'DKI2/JKT/2019/12/00002','2019-12-27 16:49:10'),(3,'DKI2/JKT/2019/12/00003','2019-12-27 17:31:02'),(4,'DKI2/JKT/2019/12/00004','2019-12-27 17:38:18'),(5,'BCA1/JKT/2019/12/00001','2019-12-30 12:30:20'),(6,'BCA1/JKT/2020/01/00002','2020-01-02 11:03:49'),(7,'BCA1/JKT/2020/01/00003','2020-01-02 14:05:05'),(8,'BCA1/JKT/2020/01/00004','2020-01-02 14:39:32'),(9,'BCA1/JKT/2020/01/00005','2020-01-06 10:21:04'),(10,'BCA1/JKT/2020/01/00006','2020-01-06 11:18:53'),(11,'PC-0/JKT/2020/01/00001','2020-01-06 11:50:34'),(12,'BCA1/JKT/2020/01/00007','2020-01-06 13:40:02'),(13,'BCA1/JKT/2020/01/00008','2020-01-06 13:51:55'),(14,'PC-0/JKT/2020/01/00002','2020-01-06 14:00:10'),(15,'BCA1/JKT/2020/01/00009','2020-01-06 14:32:41'),(16,'BCA1/JKT/2020/01/00010','2020-01-06 15:02:55'),(17,'BCA1/JKT/2020/01/00011','2020-01-06 15:14:39'),(18,'BCA1/JKT/2020/01/00012','2020-01-06 16:52:17'),(19,'PC-0/JKT/2020/01/00003','2020-01-06 16:59:22'),(20,'BCA1/JKT/2020/01/00013','2020-01-07 11:28:28'),(21,'PC-0/JKT/2020/01/00004','2020-01-07 11:35:53'),(61,'ADJ/JKT/2020/01/00001','2020-01-20 12:25:35'),(23,'BCA2/JKT/2019/12/00002','2019-12-27 15:02:02'),(24,'BCA2/JKT/2019/12/00003','2019-12-27 15:16:26'),(25,'BCA2/JKT/2019/12/00004','2019-12-27 15:46:23'),(26,'BCA2/JKT/2019/12/00005','2019-12-27 15:59:52'),(27,'DKI1/JKT/2019/12/00001','2019-12-27 16:00:51'),(28,'DKI1/JKT/2019/12/00002','2019-12-27 16:13:13'),(29,'DKI1/JKT/2019/12/00003','2019-12-27 16:14:43'),(30,'DKI1/JKT/2019/12/00004','2019-12-27 16:38:06'),(31,'DKI1/JKT/2019/12/00005','2019-12-27 16:50:59'),(32,'DKI1/JKT/2019/12/00006','2019-12-27 17:06:51'),(33,'DKI1/JKT/2019/12/00007','2019-12-27 17:52:45'),(34,'BCA2/JKT/2019/12/00006','2019-12-27 17:54:04'),(35,'BCA2/JKT/2019/12/00007','2019-12-27 18:14:29'),(36,'BCA2/JKT/2019/12/00008','2019-12-27 18:15:37'),(37,'BCA2/JKT/2020/01/00001','2020-01-02 11:15:11'),(38,'BCA2/JKT/2020/01/00002','2020-01-02 11:28:59'),(39,'PC-0/JKT/2020/01/00001','2020-01-02 14:13:39'),(40,'PC-0/JKT/2020/01/00002','2020-01-02 14:22:31'),(41,'BCA2/JKT/2020/01/00003','2020-01-03 09:35:12'),(42,'BCA2/JKT/2020/01/00004','2020-01-03 09:45:13'),(43,'PC-0/JKT/2020/01/00003','2020-01-03 10:08:57'),(44,'PC-0/JKT/2020/01/00004','2020-01-03 10:09:57'),(45,'PC-0/JKT/2020/01/00005','2020-01-03 10:39:39'),(46,'PC-0/JKT/2020/01/00006','2020-01-03 10:40:33'),(47,'DKI1/JKT/2020/01/00001','2020-01-03 10:48:57'),(48,'BCA2/JKT/2020/01/00005','2020-01-03 11:12:02'),(49,'DKI1/JKT/2020/01/00002','2020-01-03 13:42:36'),(50,'DKI1/JKT/2020/01/00003','2020-01-03 14:02:56'),(51,'BCA2/JKT/2020/01/00006','2020-01-06 09:45:42'),(52,'BCA2/JKT/2020/01/00007','2020-01-06 10:10:05'),(53,'BCA2/JKT/2020/01/00008','2020-01-06 16:43:07'),(54,'BCA2/JKT/2020/01/00009','2020-01-06 16:50:39'),(55,'BCA2/JKT/2020/01/00010','2020-01-07 11:14:44'),(56,'BCA2/JKT/2020/01/00011','2020-01-07 11:23:03'),(57,'BCA2/JKT/2020/01/00012','2020-01-07 14:00:11'),(60,'BCA2/JKT/2020/01/00013','2020-01-17 16:53:04'),(59,'BCA1/JKT/2020/01/00015','2020-01-15 16:17:17'),(62,'ADJ/JKT/2020/01/00002','2020-01-20 12:26:14'),(63,'ADJ/JKT/2020/01/00003','2020-01-20 12:26:54'),(64,'ADJ/JKT/2020/01/00004','2020-01-20 12:30:53'),(65,'ADJ/JKT/2020/01/00005','2020-01-20 12:31:28'),(66,'ADJ/JKT/2020/01/00006','2020-01-20 12:31:55'),(67,'ADJ/JKT/2020/01/00007','2020-01-20 12:33:01'),(68,'ADJ/JKT/2020/01/00008','2020-01-20 12:33:50'),(69,'ADJ/JKT/2020/01/00009','2020-01-20 12:36:09'),(70,'ADJ/JKT/2020/01/00010','2020-01-20 12:39:09'),(72,'BCA1/JKT/2020/01/00016','2020-01-20 14:44:19');

/*!40101 SET SQL_MODE=@OLD_SQL_MODE */;
/*!40014 SET FOREIGN_KEY_CHECKS=@OLD_FOREIGN_KEY_CHECKS */;
/*!40014 SET UNIQUE_CHECKS=@OLD_UNIQUE_CHECKS */;
/*!40111 SET SQL_NOTES=@OLD_SQL_NOTES */;
